{
  "album_type": "album",
  "artists": [
    {
      "external_urls": {
        "spotify": "https://open.spotify.com/artist/7ltDVBr6mKbRvohxheJ9h1"
      },
      "href": "https://api.spotify.com/v1/artists/7ltDVBr6mKbRvohxheJ9h1",
      "id": "7ltDVBr6mKbRvohxheJ9h1",
      "name": "ROSALÍA",
      "type": "artist",
      "uri": "spotify:artist:7ltDVBr6mKbRvohxheJ9h1"
    }
  ],
  "copyrights": [
    {
      "text": "(P) 2022 Columbia Records, a Division of Sony Music Entertainment",
      "type": "P"
    }
  ],
  "external_ids": {
    "upc": "886449800193"
  },
  "external_urls": {
    "spotify": "https://open.spotify.com/album/6jbtHi5R0jMXoliU2OS0lo"
  },
  "genres": [],
  "href": "https://api.spotify.com/v1/albums/6jbtHi5R0jMXoliU2OS0lo",
  "id": "6jbtHi5R0jMXoliU2OS0lo",
  "images": [
    {
      "height": 640,
      "url": "https://i.scdn.co/image/ab67616d0000b2730c179967a265de0fc76382fe",
      "width": 640
    },
    {
      "height": 300,
      "url": "https://i.scdn.co/image/ab67616d00001e020c179967a265de0fc76382fe",
      "width": 300
    },
    {
      "height": 64,
      "url": "https://i.scdn.co/image/ab67616d000048510c179967a265de0fc76382fe",
      "width": 64
    }
  ],
  "label": "Columbia",
  "name": "MOTOMAMI",
  "popularity": 79,
  "release_date": "2022-03-18",
  "release_date_precision": "day",
  "total_tracks": 16,
  "tracks": {
    "href": "https://api.spotify.com/v1/albums/6jbtHi5R0jMXoliU2OS0lo/tracks?offset=0&limit=50&market=ES",
    "items": [
      {
        "artists": [
          {
            "external_urls": {
              "spotify": "https://open.spotify.com/artist/7ltDVBr6mKbRvohxheJ9h1"
            },
            "href": "https://api.spotify.com/v1/artists/7ltDVBr6mKbRvohxheJ9h1",
            "id": "7ltDVBr6mKbRvohxheJ9h1",
            "name": "ROSALÍA",
            "type": "artist",
            "uri": "spotify:artist:7ltDVBr6mKbRvohxheJ9h1"
          }
        ],
        "disc_number": 1,
        "duration_ms": 137533,
        "explicit": true,
        "external_urls": {
          "spotify": "https://open.spotify.com/track/2FYGZDfsAnNsrm1gVbyKnG"
        },
        "href": "https://api.spotify.com/v1/tracks/2FYGZDfsAnNsrm1gVbyKnG",
        "id": "2FYGZDfsAnNsrm1gVbyKnG",
        "is_local": false,
        "is_playable": true,
        "name": "SAOKO",
        "preview_url": "https://p.scdn.co/mp3-preview/796914763c431df3c0b420fb4f7a3188fa30e617?cid=88a836718f2640aeb371d3039c982f74",
        "track_number": 1,
        "type": "track",
        "uri": "spotify:track:2FYGZDfsAnNsrm1gVbyKnG"
      },
      {
        "artists": [
          {
            "external_urls": {
              "spotify": "https://open.spotify.com/artist/7ltDVBr6mKbRvohxheJ9h1"
            },
            "href": "https://api.spotify.com/v1/artists/7ltDVBr6mKbRvohxheJ9h1",
            "id": "7ltDVBr6mKbRvohxheJ9h1",
            "name": "ROSALÍA",
            "type": "artist",
            "uri": "spotify:artist:7ltDVBr6mKbRvohxheJ9h1"
          }
        ],
        "disc_number": 1,
        "duration_ms": 193480,
        "explicit": false,
        "external_urls": {
          "spotify": "https://open.spotify.com/track/70AYiGbc4mWZGEqiipBBDb"
        },
        "href": "https://api.spotify.com/v1/tracks/70AYiGbc4mWZGEqiipBBDb",
        "id": "70AYiGbc4mWZGEqiipBBDb",
        "is_local": false,
        "is_playable": true,
        "name": "CANDY",
        "preview_url": "https://p.scdn.co/mp3-preview/93d632364d661cdab74230dbaa1ccb101496a73d?cid=88a836718f2640aeb371d3039c982f74",
        "track_number": 2,
        "type": "track",
        "uri": "spotify:track:70AYiGbc4mWZGEqiipBBDb"
      },
      {
        "artists": [
          {
            "external_urls": {
              "spotify": "https://open.spotify.com/artist/7ltDVBr6mKbRvohxheJ9h1"
            },
            "href": "https://api.spotify.com/v1/artists/7ltDVBr6mKbRvohxheJ9h1",
            "id": "7ltDVBr6mKbRvohxheJ9h1",
            "name": "ROSALÍA",
            "type": "artist",
            "uri": "spotify:artist:7ltDVBr6mKbRvohxheJ9h1"
          },
          {
            "external_urls": {
              "spotify": "https://open.spotify.com/artist/1Xyo4u8uXC1ZmMpatF05PJ"
            },
            "href": "https://api.spotify.com/v1/artists/1Xyo4u8uXC1ZmMpatF05PJ",
            "id": "1Xyo4u8uXC1ZmMpatF05PJ",
            "name": "The Weeknd",
            "type": "artist",
            "uri": "spotify:artist:1Xyo4u8uXC1ZmMpatF05PJ"
          }
        ],
        "disc_number": 1,
        "duration_ms": 188106,
        "explicit": false,
        "external_urls": {
          "spotify": "https://open.spotify.com/track/6Y46tOTRhkBamosyuWa6YX"
        },
        "href": "https://api.spotify.com/v1/tracks/6Y46tOTRhkBamosyuWa6YX",
        "id": "6Y46tOTRhkBamosyuWa6YX",
        "is_local": false,
        "is_playable": true,
        "name": "LA FAMA",
        "preview_url": "https://p.scdn.co/mp3-preview/199a06d25b58d731aa874df45f724381469864d5?cid=88a836718f2640aeb371d3039c982f74",
        "track_number": 3,
        "type": "track",
        "uri": "spotify:track:6Y46tOTRhkBamosyuWa6YX"
      },
      {
        "artists": [
          {
            "external_urls": {
              "spotify": "https://open.spotify.com/artist/7ltDVBr6mKbRvohxheJ9h1"
            },
            "href": "https://api.spotify.com/v1/artists/7ltDVBr6mKbRvohxheJ9h1",
            "id": "7ltDVBr6mKbRvohxheJ9h1",
            "name": "ROSALÍA",
            "type": "artist",
            "uri": "spotify:artist:7ltDVBr6mKbRvohxheJ9h1"
          }
        ],
        "disc_number": 1,
        "duration_ms": 155880,
        "explicit": false,
        "external_urls": {
          "spotify": "https://open.spotify.com/track/5tmrMIajDQRBcJQPaoAGdk"
        },
        "href": "https://api.spotify.com/v1/tracks/5tmrMIajDQRBcJQPaoAGdk",
        "id": "5tmrMIajDQRBcJQPaoAGdk",
        "is_local": false,
        "is_playable": true,
        "name": "BULERÍAS",
        "preview_url": "https://p.scdn.co/mp3-preview/1a4c3cc63a1aa219b695d80477c961f5be60f1a7?cid=88a836718f2640aeb371d3039c982f74",
        "track_number": 4,
        "type": "track",
        "uri": "spotify:track:5tmrMIajDQRBcJQPaoAGdk"
      },
      {
        "artists": [
          {
            "external_urls": {
              "spotify": "https://open.spotify.com/artist/7ltDVBr6mKbRvohxheJ9h1"
            },
            "href": "https://api.spotify.com/v1/artists/7ltDVBr6mKbRvohxheJ9h1",
            "id": "7ltDVBr6mKbRvohxheJ9h1",
            "name": "ROSALÍA",
            "type": "artist",
            "uri": "spotify:artist:7ltDVBr6mKbRvohxheJ9h1"
          }
        ],
        "disc_number": 1,
        "duration_ms": 122226,
        "explicit": false,
        "external_urls": {
          "spotify": "https://open.spotify.com/track/6hH6QJ9ZAO0Z6m7PfvLoXW"
        },
        "href": "https://api.spotify.com/v1/tracks/6hH6QJ9ZAO0Z6m7PfvLoXW",
        "id": "6hH6QJ9ZAO0Z6m7PfvLoXW",
        "is_local": false,
        "is_playable": true,
        "name": "CHICKEN TERIYAKI",
        "preview_url": "https://p.scdn.co/mp3-preview/f9623f39d7412f2f1019b54aef5d0c3fda000af1?cid=88a836718f2640aeb371d3039c982f74",
        "track_number": 5,
        "type": "track",
        "uri": "spotify:track:6hH6QJ9ZAO0Z6m7PfvLoXW"
      },
      {
        "artists": [
          {
            "external_urls": {
              "spotify": "https://open.spotify.com/artist/7ltDVBr6mKbRvohxheJ9h1"
            },
            "href": "https://api.spotify.com/v1/artists/7ltDVBr6mKbRvohxheJ9h1",
            "id": "7ltDVBr6mKbRvohxheJ9h1",
            "name": "ROSALÍA",
            "type": "artist",
            "uri": "spotify:artist:7ltDVBr6mKbRvohxheJ9h1"
          }
        ],
        "disc_number": 1,
        "duration_ms": 162906,
        "explicit": true,
        "external_urls": {
          "spotify": "https://open.spotify.com/track/4kroNlz8BTfswE4M0i3YCh"
        },
        "href": "https://api.spotify.com/v1/tracks/4kroNlz8BTfswE4M0i3YCh",
        "id": "4kroNlz8BTfswE4M0i3YCh",
        "is_local": false,
        "is_playable": true,
        "name": "HENTAI",
        "preview_url": "https://p.scdn.co/mp3-preview/a8301b9d4f9d20ff4d037f5359c7771fa8f3b187?cid=88a836718f2640aeb371d3039c982f74",
        "track_number": 6,
        "type": "track",
        "uri": "spotify:track:4kroNlz8BTfswE4M0i3YCh"
      },
      {
        "artists": [
          {
            "external_urls": {
              "spotify": "https://open.spotify.com/artist/7ltDVBr6mKbRvohxheJ9h1"
            },
            "href": "https://api.spotify.com/v1/artists/7ltDVBr6mKbRvohxheJ9h1",
            "id": "7ltDVBr6mKbRvohxheJ9h1",
            "name": "ROSALÍA",
            "type": "artist",
            "uri": "spotify:artist:7ltDVBr6mKbRvohxheJ9h1"
          }
        ],
        "disc_number": 1,
        "duration_ms": 109120,
        "explicit": true,
        "external_urls": {
          "spotify": "https://open.spotify.com/track/4kXxEhuatrvwrTQycA7s9B"
        },
        "href": "https://api.spotify.com/v1/tracks/4kXxEhuatrvwrTQycA7s9B",
        "id": "4kXxEhuatrvwrTQycA7s9B",
        "is_local": false,
        "is_playable": true,
        "name": "BIZCOCHITO",
        "preview_url": "https://p.scdn.co/mp3-preview/be2adcae4631253baaead50f61cdbb427a4548eb?cid=88a836718f2640aeb371d3039c982f74",
        "track_number": 7,
        "type": "track",
        "uri": "spotify:track:4kXxEhuatrvwrTQycA7s9B"
      },
      {
        "artists": [
          {
            "external_urls": {
              "spotify": "https://open.spotify.com/artist/7ltDVBr6mKbRvohxheJ9h1"
            },
            "href": "https://api.spotify.com/v1/artists/7ltDVBr6mKbRvohxheJ9h1",
            "id": "7ltDVBr6mKbRvohxheJ9h1",
            "name": "ROSALÍA",
            "type": "artist",
            "uri": "spotify:artist:7ltDVBr6mKbRvohxheJ9h1"
          }
        ],
        "disc_number": 1,
        "duration_ms": 252120,
        "explicit": false,
        "external_urls": {
          "spotify": "https://open.spotify.com/track/2MismgPSA3HxJUEV2pEl25"
        },
        "href": "https://api.spotify.com/v1/tracks/2MismgPSA3HxJUEV2pEl25",
        "id": "2MismgPSA3HxJUEV2pEl25",
        "is_local": false,
        "is_playable": true,
        "name": "G3 N15",
        "preview_url": "https://p.scdn.co/mp3-preview/14f53ffff7410b1e9a6a0c5d3ca6a82431f9430c?cid=88a836718f2640aeb371d3039c982f74",
        "track_number": 8,
        "type": "track",
        "uri": "spotify:track:2MismgPSA3HxJUEV2pEl25"
      },
      {
        "artists": [
          {
            "external_urls": {
              "spotify": "https://open.spotify.com/artist/7ltDVBr6mKbRvohxheJ9h1"
            },
            "href": "https://api.spotify.com/v1/artists/7ltDVBr6mKbRvohxheJ9h1",
            "id": "7ltDVBr6mKbRvohxheJ9h1",
            "name": "ROSALÍA",
            "type": "artist",
            "uri": "spotify:artist:7ltDVBr6mKbRvohxheJ9h1"
          }
        ],
        "disc_number": 1,
        "duration_ms": 61346,
        "explicit": false,
        "external_urls": {
          "spotify": "https://open.spotify.com/track/6ygEPi8EtVkUO0Xarcgs63"
        },
        "href": "https://api.spotify.com/v1/tracks/6ygEPi8EtVkUO0Xarcgs63",
        "id": "6ygEPi8EtVkUO0Xarcgs63",
        "is_local": false,
        "is_playable": true,
        "name": "MOTOMAMI",
        "preview_url": "https://p.scdn.co/mp3-preview/b46b957c1f7b1afc39c33e2a95695514ca9c6fd6?cid=88a836718f2640aeb371d3039c982f74",
        "track_number": 9,
        "type": "track",
        "uri": "spotify:track:6ygEPi8EtVkUO0Xarcgs63"
      },
      {
        "artists": [
          {
            "external_urls": {
              "spotify": "https://open.spotify.com/artist/7ltDVBr6mKbRvohxheJ9h1"
            },
            "href": "https://api.spotify.com/v1/artists/7ltDVBr6mKbRvohxheJ9h1",
            "id": "7ltDVBr6mKbRvohxheJ9h1",
            "name": "ROSALÍA",
            "type": "artist",
            "uri": "spotify:artist:7ltDVBr6mKbRvohxheJ9h1"
          }
        ],
        "disc_number": 1,
        "duration_ms": 165520,
        "explicit": false,
        "external_urls": {
          "spotify": "https://open.spotify.com/track/4QlMiL1BPCBzLfn1XbSkpg"
        },
        "href": "https://api.spotify.com/v1/tracks/4QlMiL1BPCBzLfn1XbSkpg",
        "id": "4QlMiL1BPCBzLfn1XbSkpg",
        "is_local": false,
        "is_playable": true,
        "name": "DIABLO",
        "preview_url": "https://p.scdn.co/mp3-preview/dcbba9c36c2a3436075ab42dc22a69f9d056df7e?cid=88a836718f2640aeb371d3039c982f74",
        "track_number": 10,
        "type": "track",
        "uri": "spotify:track:4QlMiL1BPCBzLfn1XbSkpg"
      },
      {
        "artists": [
          {
            "external_urls": {
              "spotify": "https://open.spotify.com/artist/7ltDVBr6mKbRvohxheJ9h1"
            },
            "href": "https://api.spotify.com/v1/artists/7ltDVBr6mKbRvohxheJ9h1",
            "id": "7ltDVBr6mKbRvohxheJ9h1",
            "name": "ROSALÍA",
            "type": "artist",
            "uri": "spotify:artist:7ltDVBr6mKbRvohxheJ9h1"
          }
        ],
        "disc_number": 1,
        "duration_ms": 155480,
        "explicit": false,
        "external_urls": {
          "spotify": "https://open.spotify.com/track/6lKZ5I0yW3IpUFHEKJCWlx"
        },
        "href": "https://api.spotify.com/v1/tracks/6lKZ5I0yW3IpUFHEKJCWlx",
        "id": "6lKZ5I0yW3IpUFHEKJCWlx",
        "is_local": false,
        "is_playable": true,
        "name": "DELIRIO DE GRANDEZA",
        "preview_url": "https://p.scdn.co/mp3-preview/ce91a96a6656466663d76f3d696ecc69c8b1348d?cid=88a836718f2640aeb371d3039c982f74",
        "track_number": 11,
        "type": "track",
        "uri": "spotify:track:6lKZ5I0yW3IpUFHEKJCWlx"
      },
      {
        "artists": [
          {
            "external_urls": {
              "spotify": "https://open.spotify.com/artist/7ltDVBr6mKbRvohxheJ9h1"
            },
            "href": "https://api.spotify.com/v1/artists/7ltDVBr6mKbRvohxheJ9h1",
            "id": "7ltDVBr6mKbRvohxheJ9h1",
            "name": "ROSALÍA",
            "type": "artist",
            "uri": "spotify:artist:7ltDVBr6mKbRvohxheJ9h1"
          }
        ],
        "disc_number": 1,
        "duration_ms": 150600,
        "explicit": false,
        "external_urls": {
          "spotify": "https://open.spotify.com/track/3BQPPsoxlhuSIEPlNRHHZt"
        },
        "href": "https://api.spotify.com/v1/tracks/3BQPPsoxlhuSIEPlNRHHZt",
        "id": "3BQPPsoxlhuSIEPlNRHHZt",
        "is_local": false,
        "is_playable": true,
        "name": "CUUUUuuuuuute",
        "preview_url": "https://p.scdn.co/mp3-preview/e21da2e9a44400a0c227fdea63b2de8f4342812f?cid=88a836718f2640aeb371d3039c982f74",
        "track_number": 12,
        "type": "track",
        "uri": "spotify:track:3BQPPsoxlhuSIEPlNRHHZt"
      },
      {
        "artists": [
          {
            "external_urls": {
              "spotify": "https://open.spotify.com/artist/7ltDVBr6mKbRvohxheJ9h1"
            },
            "href": "https://api.spotify.com/v1/artists/7ltDVBr6mKbRvohxheJ9h1",
            "id": "7ltDVBr6mKbRvohxheJ9h1",
            "name": "ROSALÍA",
            "type": "artist",
            "uri": "spotify:artist:7ltDVBr6mKbRvohxheJ9h1"
          }
        ],
        "disc_number": 1,
        "duration_ms": 262200,
        "explicit": false,
        "external_urls": {
          "spotify": "https://open.spotify.com/track/7MDfNYdpdohHjmFsYK44KU"
        },
        "href": "https://api.spotify.com/v1/tracks/7MDfNYdpdohHjmFsYK44KU",
        "id": "7MDfNYdpdohHjmFsYK44KU",
        "is_local": false,
        "is_playable": true,
        "name": "COMO UN G",
        "preview_url": "https://p.scdn.co/mp3-preview/2a74f37b2db00457cbda8c77d7b03e3f37319cce?cid=88a836718f2640aeb371d3039c982f74",
        "track_number": 13,
        "type": "track",
        "uri": "spotify:track:7MDfNYdpdohHjmFsYK44KU"
      },
      {
        "artists": [
          {
            "external_urls": {
              "spotify": "https://open.spotify.com/artist/7ltDVBr6mKbRvohxheJ9h1"
            },
            "href": "https://api.spotify.com/v1/artists/7ltDVBr6mKbRvohxheJ9h1",
            "id": "7ltDVBr6mKbRvohxheJ9h1",
            "name": "ROSALÍA",
            "type": "artist",
            "uri": "spotify:artist:7ltDVBr6mKbRvohxheJ9h1"
          }
        ],
        "disc_number": 1,
        "duration_ms": 65960,
        "explicit": false,
        "external_urls": {
          "spotify": "https://open.spotify.com/track/1V32pCGXZMgcmXd5MUMDL1"
        },
        "href": "https://api.spotify.com/v1/tracks/1V32pCGXZMgcmXd5MUMDL1",
        "id": "1V32pCGXZMgcmXd5MUMDL1",
        "is_local": false,
        "is_playable": true,
        "name": "Abcdefg",
        "preview_url": "https://p.scdn.co/mp3-preview/a35c9210b651fa9e918d5e20305f92663fb0ae30?cid=88a836718f2640aeb371d3039c982f74",
        "track_number": 14,
        "type": "track",
        "uri": "spotify:track:1V32pCGXZMgcmXd5MUMDL1"
      },
      {
        "artists": [
          {
            "external_urls": {
              "spotify": "https://open.spotify.com/artist/7ltDVBr6mKbRvohxheJ9h1"
            },
            "href": "https://api.spotify.com/v1/artists/7ltDVBr6mKbRvohxheJ9h1",
            "id": "7ltDVBr6mKbRvohxheJ9h1",
            "name": "ROSALÍA",
            "type": "artist",
            "uri": "spotify:artist:7ltDVBr6mKbRvohxheJ9h1"
          },
          {
            "external_urls": {
              "spotify": "https://open.spotify.com/artist/2p4aN0Uxkk3iT3HK0cJ2cJ"
            },
            "href": "https://api.spotify.com/v1/artists/2p4aN0Uxkk3iT3HK0cJ2cJ",
            "id": "2p4aN0Uxkk3iT3HK0cJ2cJ",
            "name": "Tokischa",
            "type": "artist",
            "uri": "spotify:artist:2p4aN0Uxkk3iT3HK0cJ2cJ"
          }
        ],
        "disc_number": 1,
        "duration_ms": 161266,
        "explicit": false,
        "external_urls": {
          "spotify": "https://open.spotify.com/track/5gCNf9wMVrYuM2fvfgLTlF"
        },
        "href": "https://api.spotify.com/v1/tracks/5gCNf9wMVrYuM2fvfgLTlF",
        "id": "5gCNf9wMVrYuM2fvfgLTlF",
        "is_local": false,
        "is_playable": true,
        "name": "LA COMBI VERSACE",
        "preview_url": "https://p.scdn.co/mp3-preview/7cd4d0adc7c35a59d8b5b326755f63f621c0cbab?cid=88a836718f2640aeb371d3039c982f74",
        "track_number": 15,
        "type": "track",
        "uri": "spotify:track:5gCNf9wMVrYuM2fvfgLTlF"
      },
      {
        "artists": [
          {
            "external_urls": {
              "spotify": "https://open.spotify.com/artist/7ltDVBr6mKbRvohxheJ9h1"
            },
            "href": "https://api.spotify.com/v1/artists/7ltDVBr6mKbRvohxheJ9h1",
            "id": "7ltDVBr6mKbRvohxheJ9h1",
            "name": "ROSALÍA",
            "type": "artist",
            "uri": "spotify:artist:7ltDVBr6mKbRvohxheJ9h1"
          }
        ],
        "disc_number": 1,
        "duration_ms": 201613,
        "explicit": false,
        "external_urls": {
          "spotify": "https://open.spotify.com/track/15pRGUlhmCxtewBs42ui1N"
        },
        "href": "https://api.spotify.com/v1/tracks/15pRGUlhmCxtewBs42ui1N",
        "id": "15pRGUlhmCxtewBs42ui1N",
        "is_local": false,
        "is_playable": true,
        "name": "SAKURA",
        "preview_url": "https://p.scdn.co/mp3-preview/0e30c76bb617202312c354e459fda0799620b83c?cid=88a836718f2640aeb371d3039c982f74",
        "track_number": 16,
        "type": "track",
        "uri": "spotify:track:15pRGUlhmCxtewBs42ui1N"
      }
    ],
    "limit": 50,
    "next": null,
    "offset": 0,
    "previous": null,
    "total": 16
  },
  "type": "album",
  "uri": "spotify:album:6jbtHi5R0jMXoliU2OS0lo"
}