{
  "external_urls" : {
    "spotify" : "https://open.spotify.com/artist/716NhGYqD1jl2wI1Qkgq36"
  },
  "followers" : {
    "href" : null,
    "total" : 8635425
  },
  "genres" : [ "argentine hip hop", "pop venezolano", "trap argentino", "trap latino", "urbano latino" ],
  "href" : "https://api.spotify.com/v1/artists/716NhGYqD1jl2wI1Qkgq36",
  "id" : "716NhGYqD1jl2wI1Qkgq36",
  "images" : [ {
    "height" : 640,
    "url" : "https://i.scdn.co/image/ab6761610000e5eb12085fdb28f314e01ef73a19",
    "width" : 640
  }, {
    "height" : 320,
    "url" : "https://i.scdn.co/image/ab6761610000517412085fdb28f314e01ef73a19",
    "width" : 320
  }, {
    "height" : 160,
    "url" : "https://i.scdn.co/image/ab6761610000f17812085fdb28f314e01ef73a19",
    "width" : 160
  } ],
  "name" : "Bizarrap",
  "popularity" : 88,
  "type" : "artist",
  "uri" : "spotify:artist:716NhGYqD1jl2wI1Qkgq36"
}