{
  "external_urls" : {
    "spotify" : "https://open.spotify.com/artist/4q3ewBCX7sLwd24euuV69X"
  },
  "followers" : {
    "href" : null,
    "total" : 62921570
  },
  "genres" : [ "reggaeton", "trap latino", "urbano latino" ],
  "href" : "https://api.spotify.com/v1/artists/4q3ewBCX7sLwd24euuV69X",
  "id" : "4q3ewBCX7sLwd24euuV69X",
  "images" : [ {
    "height" : 640,
    "url" : "https://i.scdn.co/image/ab6761610000e5eb8ee9a6f54dcbd4bc95126b14",
    "width" : 640
  }, {
    "height" : 320,
    "url" : "https://i.scdn.co/image/ab676161000051748ee9a6f54dcbd4bc95126b14",
    "width" : 320
  }, {
    "height" : 160,
    "url" : "https://i.scdn.co/image/ab6761610000f1788ee9a6f54dcbd4bc95126b14",
    "width" : 160
  } ],
  "name" : "Bad Bunny",
  "popularity" : 100,
  "type" : "artist",
  "uri" : "spotify:artist:4q3ewBCX7sLwd24euuV69X"
}