{
  "artists" : [ {
    "external_urls" : {
      "spotify" : "https://open.spotify.com/artist/7ltDVBr6mKbRvohxheJ9h1"
    },
    "followers" : {
      "href" : null,
      "total" : 6362170
    },
    "genres" : [ "r&b en espanol" ],
    "href" : "https://api.spotify.com/v1/artists/7ltDVBr6mKbRvohxheJ9h1",
    "id" : "7ltDVBr6mKbRvohxheJ9h1",
    "images" : [ {
      "height" : 640,
      "url" : "https://i.scdn.co/image/ab6761610000e5ebd7bb678bef6d2f26110cae49",
      "width" : 640
    }, {
      "height" : 320,
      "url" : "https://i.scdn.co/image/ab67616100005174d7bb678bef6d2f26110cae49",
      "width" : 320
    }, {
      "height" : 160,
      "url" : "https://i.scdn.co/image/ab6761610000f178d7bb678bef6d2f26110cae49",
      "width" : 160
    } ],
    "name" : "Rosalia",
    "popularity" : 84,
    "type" : "artist",
    "uri" : "spotify:artist:7ltDVBr6mKbRvohxheJ9h1"
  }, {
    "external_urls" : {
      "spotify" : "https://open.spotify.com/artist/716NhGYqD1jl2wI1Qkgq36"
    },
    "followers" : {
      "href" : null,
      "total" : 8012141
    },
    "genres" : [ "argentine hip hop", "pop venezolano", "trap argentino" ],
    "href" : "https://api.spotify.com/v1/artists/716NhGYqD1jl2wI1Qkgq36",
    "id" : "716NhGYqD1jl2wI1Qkgq36",
    "images" : [ {
      "height" : 640,
      "url" : "https://i.scdn.co/image/ab6761610000e5eb12085fdb28f314e01ef73a19",
      "width" : 640
    }, {
      "height" : 320,
      "url" : "https://i.scdn.co/image/ab6761610000517412085fdb28f314e01ef73a19",
      "width" : 320
    }, {
      "height" : 160,
      "url" : "https://i.scdn.co/image/ab6761610000f17812085fdb28f314e01ef73a19",
      "width" : 160
    } ],
    "name" : "Bizarrap",
    "popularity" : 85,
    "type" : "artist",
    "uri" : "spotify:artist:716NhGYqD1jl2wI1Qkgq36"
  }, {
    "external_urls" : {
      "spotify" : "https://open.spotify.com/artist/52iwsT98xCoGgiGntTiR7K"
    },
    "followers" : {
      "href" : null,
      "total" : 802417
    },
    "genres" : [ "rap canario", "trap latino" ],
    "href" : "https://api.spotify.com/v1/artists/52iwsT98xCoGgiGntTiR7K",
    "id" : "52iwsT98xCoGgiGntTiR7K",
    "images" : [ {
      "height" : 640,
      "url" : "https://i.scdn.co/image/ab6761610000e5ebee2ddb7f81a2e8b76b629fbc",
      "width" : 640
    }, {
      "height" : 320,
      "url" : "https://i.scdn.co/image/ab67616100005174ee2ddb7f81a2e8b76b629fbc",
      "width" : 320
    }, {
      "height" : 160,
      "url" : "https://i.scdn.co/image/ab6761610000f178ee2ddb7f81a2e8b76b629fbc",
      "width" : 160
    } ],
    "name" : "Quevedo",
    "popularity" : 86,
    "type" : "artist",
    "uri" : "spotify:artist:52iwsT98xCoGgiGntTiR7K"
  }, {
    "external_urls" : {
      "spotify" : "https://open.spotify.com/artist/4q3ewBCX7sLwd24euuV69X"
    },
    "followers" : {
      "href" : null,
      "total" : 60233923
    },
    "genres" : [ "reggaeton", "trap latino" ],
    "href" : "https://api.spotify.com/v1/artists/4q3ewBCX7sLwd24euuV69X",
    "id" : "4q3ewBCX7sLwd24euuV69X",
    "images" : [ {
      "height" : 640,
      "url" : "https://i.scdn.co/image/ab6761610000e5eb8ee9a6f54dcbd4bc95126b14",
      "width" : 640
    }, {
      "height" : 320,
      "url" : "https://i.scdn.co/image/ab676161000051748ee9a6f54dcbd4bc95126b14",
      "width" : 320
    }, {
      "height" : 160,
      "url" : "https://i.scdn.co/image/ab6761610000f1788ee9a6f54dcbd4bc95126b14",
      "width" : 160
    } ],
    "name" : "Bad Bunny",
    "popularity" : 98,
    "type" : "artist",
    "uri" : "spotify:artist:4q3ewBCX7sLwd24euuV69X"
  }, {
    "external_urls" : {
      "spotify" : "https://open.spotify.com/artist/1bAftSH8umNcGZ0uyV7LMg"
    },
    "followers" : {
      "href" : null,
      "total" : 7467885
    },
    "genres" : [ "argentine hip hop", "trap argentino", "trap latino", "trap triste" ],
    "href" : "https://api.spotify.com/v1/artists/1bAftSH8umNcGZ0uyV7LMg",
    "id" : "1bAftSH8umNcGZ0uyV7LMg",
    "images" : [ {
      "height" : 640,
      "url" : "https://i.scdn.co/image/ab6761610000e5eb9b2ccf4bc212d36ae64ee41a",
      "width" : 640
    }, {
      "height" : 320,
      "url" : "https://i.scdn.co/image/ab676161000051749b2ccf4bc212d36ae64ee41a",
      "width" : 320
    }, {
      "height" : 160,
      "url" : "https://i.scdn.co/image/ab6761610000f1789b2ccf4bc212d36ae64ee41a",
      "width" : 160
    } ],
    "name" : "Duki",
    "popularity" : 85,
    "type" : "artist",
    "uri" : "spotify:artist:1bAftSH8umNcGZ0uyV7LMg"
  }, {
    "external_urls" : {
      "spotify" : "https://open.spotify.com/artist/790FomKkXshlbRYZFtlgla"
    },
    "followers" : {
      "href" : null,
      "total" : 30372799
    },
    "genres" : [ "reggaeton", "reggaeton colombiano" ],
    "href" : "https://api.spotify.com/v1/artists/790FomKkXshlbRYZFtlgla",
    "id" : "790FomKkXshlbRYZFtlgla",
    "images" : [ {
      "height" : 640,
      "url" : "https://i.scdn.co/image/ab6761610000e5eb0403f4e5b7cb258665d2ed3d",
      "width" : 640
    }, {
      "height" : 320,
      "url" : "https://i.scdn.co/image/ab676161000051740403f4e5b7cb258665d2ed3d",
      "width" : 320
    }, {
      "height" : 160,
      "url" : "https://i.scdn.co/image/ab6761610000f1780403f4e5b7cb258665d2ed3d",
      "width" : 160
    } ],
    "name" : "KAROL G",
    "popularity" : 86,
    "type" : "artist",
    "uri" : "spotify:artist:790FomKkXshlbRYZFtlgla"
  }, {
    "external_urls" : {
      "spotify" : "https://open.spotify.com/artist/2R21vXR83lH98kGeO99Y66"
    },
    "followers" : {
      "href" : null,
      "total" : 25273539
    },
    "genres" : [ "reggaeton", "reggaeton flow", "trap boricua", "trap latino" ],
    "href" : "https://api.spotify.com/v1/artists/2R21vXR83lH98kGeO99Y66",
    "id" : "2R21vXR83lH98kGeO99Y66",
    "images" : [ {
      "height" : 640,
      "url" : "https://i.scdn.co/image/ab6761610000e5ebfea27ddf11b9df5322a13c84",
      "width" : 640
    }, {
      "height" : 320,
      "url" : "https://i.scdn.co/image/ab67616100005174fea27ddf11b9df5322a13c84",
      "width" : 320
    }, {
      "height" : 160,
      "url" : "https://i.scdn.co/image/ab6761610000f178fea27ddf11b9df5322a13c84",
      "width" : 160
    } ],
    "name" : "Anuel AA",
    "popularity" : 86,
    "type" : "artist",
    "uri" : "spotify:artist:2R21vXR83lH98kGeO99Y66"
  }, {
    "external_urls" : {
      "spotify" : "https://open.spotify.com/artist/1Cs0zKBU1kc0i8ypK3B9ai"
    },
    "followers" : {
      "href" : null,
      "total" : 25102509
    },
    "genres" : [ "big room", "dance pop", "edm", "pop", "pop dance" ],
    "href" : "https://api.spotify.com/v1/artists/1Cs0zKBU1kc0i8ypK3B9ai",
    "id" : "1Cs0zKBU1kc0i8ypK3B9ai",
    "images" : [ {
      "height" : 640,
      "url" : "https://i.scdn.co/image/ab6761610000e5eb75348e1aade2645ad9c58829",
      "width" : 640
    }, {
      "height" : 320,
      "url" : "https://i.scdn.co/image/ab6761610000517475348e1aade2645ad9c58829",
      "width" : 320
    }, {
      "height" : 160,
      "url" : "https://i.scdn.co/image/ab6761610000f17875348e1aade2645ad9c58829",
      "width" : 160
    } ],
    "name" : "David Guetta",
    "popularity" : 89,
    "type" : "artist",
    "uri" : "spotify:artist:1Cs0zKBU1kc0i8ypK3B9ai"
  } ]
}