{
  "album_type" : "single",
  "artists" : [ {
    "external_urls" : {
      "spotify" : "https://open.spotify.com/artist/7ltDVBr6mKbRvohxheJ9h1"
    },
    "href" : "https://api.spotify.com/v1/artists/7ltDVBr6mKbRvohxheJ9h1",
    "id" : "7ltDVBr6mKbRvohxheJ9h1",
    "name" : "ROSALÍA",
    "type" : "artist",
    "uri" : "spotify:artist:7ltDVBr6mKbRvohxheJ9h1"
  } ],
  "copyrights" : [ {
    "text" : "(P) 2022 Columbia Records, a Division of Sony Music Entertainment",
    "type" : "P"
  } ],
  "external_ids" : {
    "upc" : "196589797766"
  },
  "external_urls" : {
    "spotify" : "https://open.spotify.com/album/492U88qanlQnFgsfvwVHe8"
  },
  "genres" : [ ],
  "href" : "https://api.spotify.com/v1/albums/492U88qanlQnFgsfvwVHe8",
  "id" : "492U88qanlQnFgsfvwVHe8",
  "images" : [ {
    "height" : 640,
    "url" : "https://i.scdn.co/image/ab67616d0000b2739309e2f0657f0dceba70386c",
    "width" : 640
  }, {
    "height" : 300,
    "url" : "https://i.scdn.co/image/ab67616d00001e029309e2f0657f0dceba70386c",
    "width" : 300
  }, {
    "height" : 64,
    "url" : "https://i.scdn.co/image/ab67616d000048519309e2f0657f0dceba70386c",
    "width" : 64
  } ],
  "label" : "Columbia",
  "name" : "BIZCOCHITO (LEORD Y HARACA KIKO REMIX) (feat. Haraca Kiko)",
  "popularity" : 0,
  "release_date" : "2022-10-20",
  "release_date_precision" : "day",
  "total_tracks" : 1,
  "tracks" : {
    "href" : "https://api.spotify.com/v1/albums/492U88qanlQnFgsfvwVHe8/tracks?offset=0&limit=50&market=US",
    "items" : [ {
      "artists" : [ {
        "external_urls" : {
          "spotify" : "https://open.spotify.com/artist/7ltDVBr6mKbRvohxheJ9h1"
        },
        "href" : "https://api.spotify.com/v1/artists/7ltDVBr6mKbRvohxheJ9h1",
        "id" : "7ltDVBr6mKbRvohxheJ9h1",
        "name" : "ROSALÍA",
        "type" : "artist",
        "uri" : "spotify:artist:7ltDVBr6mKbRvohxheJ9h1"
      }, {
        "external_urls" : {
          "spotify" : "https://open.spotify.com/artist/4xe6s55EDjpRpyZsrFoiWh"
        },
        "href" : "https://api.spotify.com/v1/artists/4xe6s55EDjpRpyZsrFoiWh",
        "id" : "4xe6s55EDjpRpyZsrFoiWh",
        "name" : "Haraca Kiko",
        "type" : "artist",
        "uri" : "spotify:artist:4xe6s55EDjpRpyZsrFoiWh"
      } ],
      "disc_number" : 1,
      "duration_ms" : 129343,
      "explicit" : true,
      "external_urls" : {
        "spotify" : "https://open.spotify.com/track/378K0CspMQVjZq68UxQCKR"
      },
      "href" : "https://api.spotify.com/v1/tracks/378K0CspMQVjZq68UxQCKR",
      "id" : "378K0CspMQVjZq68UxQCKR",
      "is_local" : false,
      "is_playable" : true,
      "name" : "BIZCOCHITO (LEORD Y HARACA KIKO REMIX) (feat. Haraca Kiko)",
      "preview_url" : "https://p.scdn.co/mp3-preview/4c226839004e5738713cb0831ec2e2ef65b4de5b?cid=88a836718f2640aeb371d3039c982f74",
      "track_number" : 1,
      "type" : "track",
      "uri" : "spotify:track:378K0CspMQVjZq68UxQCKR"
    } ],
    "limit" : 50,
    "next" : null,
    "offset" : 0,
    "previous" : null,
    "total" : 1
  },
  "type" : "album",
  "uri" : "spotify:album:492U88qanlQnFgsfvwVHe8"
}