{
  "album_type" : "album",
  "artists" : [ {
    "external_urls" : {
      "spotify" : "https://open.spotify.com/artist/6KImCVD70vtIoJWnq6nGn3"
    },
    "href" : "https://api.spotify.com/v1/artists/6KImCVD70vtIoJWnq6nGn3",
    "id" : "6KImCVD70vtIoJWnq6nGn3",
    "name" : "Harry Styles",
    "type" : "artist",
    "uri" : "spotify:artist:6KImCVD70vtIoJWnq6nGn3"
  } ],
  "copyrights" : [ {
    "text" : "(P) 2022 Erskine Records Limited, under exclusive license to Columbia Records, a Division of Sony Music Entertainment",
    "type" : "P"
  } ],
  "external_ids" : {
    "upc" : "886449990061"
  },
  "external_urls" : {
    "spotify" : "https://open.spotify.com/album/5r36AJ6VOJtp00oxSkBZ5h"
  },
  "genres" : [ ],
  "href" : "https://api.spotify.com/v1/albums/5r36AJ6VOJtp00oxSkBZ5h",
  "id" : "5r36AJ6VOJtp00oxSkBZ5h",
  "images" : [ {
    "height" : 640,
    "url" : "https://i.scdn.co/image/ab67616d0000b2732e8ed79e177ff6011076f5f0",
    "width" : 640
  }, {
    "height" : 300,
    "url" : "https://i.scdn.co/image/ab67616d00001e022e8ed79e177ff6011076f5f0",
    "width" : 300
  }, {
    "height" : 64,
    "url" : "https://i.scdn.co/image/ab67616d000048512e8ed79e177ff6011076f5f0",
    "width" : 64
  } ],
  "is_playable" : true,
  "label" : "Columbia",
  "name" : "Harry's House",
  "popularity" : 90,
  "release_date" : "2022-05-20",
  "release_date_precision" : "day",
  "total_tracks" : 13,
  "tracks" : {
    "href" : "https://api.spotify.com/v1/albums/5r36AJ6VOJtp00oxSkBZ5h/tracks?offset=0&limit=50&market=ES",
    "items" : [ {
      "artists" : [ {
        "external_urls" : {
          "spotify" : "https://open.spotify.com/artist/6KImCVD70vtIoJWnq6nGn3"
        },
        "href" : "https://api.spotify.com/v1/artists/6KImCVD70vtIoJWnq6nGn3",
        "id" : "6KImCVD70vtIoJWnq6nGn3",
        "name" : "Harry Styles",
        "type" : "artist",
        "uri" : "spotify:artist:6KImCVD70vtIoJWnq6nGn3"
      } ],
      "disc_number" : 1,
      "duration_ms" : 193813,
      "explicit" : false,
      "external_urls" : {
        "spotify" : "https://open.spotify.com/track/5LYMamLv12UPbemOaTPyeV"
      },
      "href" : "https://api.spotify.com/v1/tracks/5LYMamLv12UPbemOaTPyeV",
      "id" : "5LYMamLv12UPbemOaTPyeV",
      "is_local" : false,
      "is_playable" : true,
      "name" : "Music For a Sushi Restaurant",
      "preview_url" : "https://p.scdn.co/mp3-preview/3badb04493ee555f8909636f0dd909ffd9c385bc?cid=88a836718f2640aeb371d3039c982f74",
      "track_number" : 1,
      "type" : "track",
      "uri" : "spotify:track:5LYMamLv12UPbemOaTPyeV"
    }, {
      "artists" : [ {
        "external_urls" : {
          "spotify" : "https://open.spotify.com/artist/6KImCVD70vtIoJWnq6nGn3"
        },
        "href" : "https://api.spotify.com/v1/artists/6KImCVD70vtIoJWnq6nGn3",
        "id" : "6KImCVD70vtIoJWnq6nGn3",
        "name" : "Harry Styles",
        "type" : "artist",
        "uri" : "spotify:artist:6KImCVD70vtIoJWnq6nGn3"
      } ],
      "disc_number" : 1,
      "duration_ms" : 177954,
      "explicit" : false,
      "external_urls" : {
        "spotify" : "https://open.spotify.com/track/1qEmFfgcLObUfQm0j1W2CK"
      },
      "href" : "https://api.spotify.com/v1/tracks/1qEmFfgcLObUfQm0j1W2CK",
      "id" : "1qEmFfgcLObUfQm0j1W2CK",
      "is_local" : false,
      "is_playable" : true,
      "name" : "Late Night Talking",
      "preview_url" : "https://p.scdn.co/mp3-preview/50f056e2ab4a1bef762661dbbf2da751beeffe39?cid=88a836718f2640aeb371d3039c982f74",
      "track_number" : 2,
      "type" : "track",
      "uri" : "spotify:track:1qEmFfgcLObUfQm0j1W2CK"
    }, {
      "artists" : [ {
        "external_urls" : {
          "spotify" : "https://open.spotify.com/artist/6KImCVD70vtIoJWnq6nGn3"
        },
        "href" : "https://api.spotify.com/v1/artists/6KImCVD70vtIoJWnq6nGn3",
        "id" : "6KImCVD70vtIoJWnq6nGn3",
        "name" : "Harry Styles",
        "type" : "artist",
        "uri" : "spotify:artist:6KImCVD70vtIoJWnq6nGn3"
      } ],
      "disc_number" : 1,
      "duration_ms" : 191958,
      "explicit" : false,
      "external_urls" : {
        "spotify" : "https://open.spotify.com/track/4j6kId9QIqhoXvqHKgSKa0"
      },
      "href" : "https://api.spotify.com/v1/tracks/4j6kId9QIqhoXvqHKgSKa0",
      "id" : "4j6kId9QIqhoXvqHKgSKa0",
      "is_local" : false,
      "is_playable" : true,
      "name" : "Grapejuice",
      "preview_url" : "https://p.scdn.co/mp3-preview/a0d663b6bde75efc6e613edd43a2e9b6a5a211a7?cid=88a836718f2640aeb371d3039c982f74",
      "track_number" : 3,
      "type" : "track",
      "uri" : "spotify:track:4j6kId9QIqhoXvqHKgSKa0"
    }, {
      "artists" : [ {
        "external_urls" : {
          "spotify" : "https://open.spotify.com/artist/6KImCVD70vtIoJWnq6nGn3"
        },
        "href" : "https://api.spotify.com/v1/artists/6KImCVD70vtIoJWnq6nGn3",
        "id" : "6KImCVD70vtIoJWnq6nGn3",
        "name" : "Harry Styles",
        "type" : "artist",
        "uri" : "spotify:artist:6KImCVD70vtIoJWnq6nGn3"
      } ],
      "disc_number" : 1,
      "duration_ms" : 167303,
      "explicit" : false,
      "external_urls" : {
        "spotify" : "https://open.spotify.com/track/4Dvkj6JhhA12EX05fT7y2e"
      },
      "href" : "https://api.spotify.com/v1/tracks/4Dvkj6JhhA12EX05fT7y2e",
      "id" : "4Dvkj6JhhA12EX05fT7y2e",
      "is_local" : false,
      "is_playable" : true,
      "name" : "As It Was",
      "preview_url" : "https://p.scdn.co/mp3-preview/c43dd07043b29e800c1a65b3a0102861fa3cf418?cid=88a836718f2640aeb371d3039c982f74",
      "track_number" : 4,
      "type" : "track",
      "uri" : "spotify:track:4Dvkj6JhhA12EX05fT7y2e"
    }, {
      "artists" : [ {
        "external_urls" : {
          "spotify" : "https://open.spotify.com/artist/6KImCVD70vtIoJWnq6nGn3"
        },
        "href" : "https://api.spotify.com/v1/artists/6KImCVD70vtIoJWnq6nGn3",
        "id" : "6KImCVD70vtIoJWnq6nGn3",
        "name" : "Harry Styles",
        "type" : "artist",
        "uri" : "spotify:artist:6KImCVD70vtIoJWnq6nGn3"
      } ],
      "disc_number" : 1,
      "duration_ms" : 164533,
      "explicit" : false,
      "external_urls" : {
        "spotify" : "https://open.spotify.com/track/51Zw1cKDgkad0CXv23HCMU"
      },
      "href" : "https://api.spotify.com/v1/tracks/51Zw1cKDgkad0CXv23HCMU",
      "id" : "51Zw1cKDgkad0CXv23HCMU",
      "is_local" : false,
      "is_playable" : true,
      "name" : "Daylight",
      "preview_url" : "https://p.scdn.co/mp3-preview/81ea9803f889882847dc1474ef6c657d8e5566f1?cid=88a836718f2640aeb371d3039c982f74",
      "track_number" : 5,
      "type" : "track",
      "uri" : "spotify:track:51Zw1cKDgkad0CXv23HCMU"
    }, {
      "artists" : [ {
        "external_urls" : {
          "spotify" : "https://open.spotify.com/artist/6KImCVD70vtIoJWnq6nGn3"
        },
        "href" : "https://api.spotify.com/v1/artists/6KImCVD70vtIoJWnq6nGn3",
        "id" : "6KImCVD70vtIoJWnq6nGn3",
        "name" : "Harry Styles",
        "type" : "artist",
        "uri" : "spotify:artist:6KImCVD70vtIoJWnq6nGn3"
      } ],
      "disc_number" : 1,
      "duration_ms" : 202183,
      "explicit" : false,
      "external_urls" : {
        "spotify" : "https://open.spotify.com/track/3i058E8uxTsYqJ5NWZzqSj"
      },
      "href" : "https://api.spotify.com/v1/tracks/3i058E8uxTsYqJ5NWZzqSj",
      "id" : "3i058E8uxTsYqJ5NWZzqSj",
      "is_local" : false,
      "is_playable" : true,
      "name" : "Little Freak",
      "preview_url" : "https://p.scdn.co/mp3-preview/38dfa398e1e1a99d3f4fc998bd1e6bdbaf97ed64?cid=88a836718f2640aeb371d3039c982f74",
      "track_number" : 6,
      "type" : "track",
      "uri" : "spotify:track:3i058E8uxTsYqJ5NWZzqSj"
    }, {
      "artists" : [ {
        "external_urls" : {
          "spotify" : "https://open.spotify.com/artist/6KImCVD70vtIoJWnq6nGn3"
        },
        "href" : "https://api.spotify.com/v1/artists/6KImCVD70vtIoJWnq6nGn3",
        "id" : "6KImCVD70vtIoJWnq6nGn3",
        "name" : "Harry Styles",
        "type" : "artist",
        "uri" : "spotify:artist:6KImCVD70vtIoJWnq6nGn3"
      } ],
      "disc_number" : 1,
      "duration_ms" : 245964,
      "explicit" : false,
      "external_urls" : {
        "spotify" : "https://open.spotify.com/track/6uvh0In7u1Xn4HgxOfAn8O"
      },
      "href" : "https://api.spotify.com/v1/tracks/6uvh0In7u1Xn4HgxOfAn8O",
      "id" : "6uvh0In7u1Xn4HgxOfAn8O",
      "is_local" : false,
      "is_playable" : true,
      "name" : "Matilda",
      "preview_url" : "https://p.scdn.co/mp3-preview/f2b98f3f2c3813405ee9bd48cad2f9d8e50f4607?cid=88a836718f2640aeb371d3039c982f74",
      "track_number" : 7,
      "type" : "track",
      "uri" : "spotify:track:6uvh0In7u1Xn4HgxOfAn8O"
    }, {
      "artists" : [ {
        "external_urls" : {
          "spotify" : "https://open.spotify.com/artist/6KImCVD70vtIoJWnq6nGn3"
        },
        "href" : "https://api.spotify.com/v1/artists/6KImCVD70vtIoJWnq6nGn3",
        "id" : "6KImCVD70vtIoJWnq6nGn3",
        "name" : "Harry Styles",
        "type" : "artist",
        "uri" : "spotify:artist:6KImCVD70vtIoJWnq6nGn3"
      } ],
      "disc_number" : 1,
      "duration_ms" : 243507,
      "explicit" : false,
      "external_urls" : {
        "spotify" : "https://open.spotify.com/track/35TyJIMR3xRouUuo2sjS6v"
      },
      "href" : "https://api.spotify.com/v1/tracks/35TyJIMR3xRouUuo2sjS6v",
      "id" : "35TyJIMR3xRouUuo2sjS6v",
      "is_local" : false,
      "is_playable" : true,
      "name" : "Cinema",
      "preview_url" : "https://p.scdn.co/mp3-preview/0f977ab13aa73318e103a5356ef2690df2f1214b?cid=88a836718f2640aeb371d3039c982f74",
      "track_number" : 8,
      "type" : "track",
      "uri" : "spotify:track:35TyJIMR3xRouUuo2sjS6v"
    }, {
      "artists" : [ {
        "external_urls" : {
          "spotify" : "https://open.spotify.com/artist/6KImCVD70vtIoJWnq6nGn3"
        },
        "href" : "https://api.spotify.com/v1/artists/6KImCVD70vtIoJWnq6nGn3",
        "id" : "6KImCVD70vtIoJWnq6nGn3",
        "name" : "Harry Styles",
        "type" : "artist",
        "uri" : "spotify:artist:6KImCVD70vtIoJWnq6nGn3"
      } ],
      "disc_number" : 1,
      "duration_ms" : 187342,
      "explicit" : false,
      "external_urls" : {
        "spotify" : "https://open.spotify.com/track/69w5X6uTrOaWM32IetSzvO"
      },
      "href" : "https://api.spotify.com/v1/tracks/69w5X6uTrOaWM32IetSzvO",
      "id" : "69w5X6uTrOaWM32IetSzvO",
      "is_local" : false,
      "is_playable" : true,
      "name" : "Daydreaming",
      "preview_url" : "https://p.scdn.co/mp3-preview/6ed66e562f567da0132abedf626d078ef4fb9c73?cid=88a836718f2640aeb371d3039c982f74",
      "track_number" : 9,
      "type" : "track",
      "uri" : "spotify:track:69w5X6uTrOaWM32IetSzvO"
    }, {
      "artists" : [ {
        "external_urls" : {
          "spotify" : "https://open.spotify.com/artist/6KImCVD70vtIoJWnq6nGn3"
        },
        "href" : "https://api.spotify.com/v1/artists/6KImCVD70vtIoJWnq6nGn3",
        "id" : "6KImCVD70vtIoJWnq6nGn3",
        "name" : "Harry Styles",
        "type" : "artist",
        "uri" : "spotify:artist:6KImCVD70vtIoJWnq6nGn3"
      } ],
      "disc_number" : 1,
      "duration_ms" : 140241,
      "explicit" : false,
      "external_urls" : {
        "spotify" : "https://open.spotify.com/track/2NcQic8JxdjAlAHuNbOIRE"
      },
      "href" : "https://api.spotify.com/v1/tracks/2NcQic8JxdjAlAHuNbOIRE",
      "id" : "2NcQic8JxdjAlAHuNbOIRE",
      "is_local" : false,
      "is_playable" : true,
      "name" : "Keep Driving",
      "preview_url" : "https://p.scdn.co/mp3-preview/41759e42f6c8d04521d33e4df78868b52d17f594?cid=88a836718f2640aeb371d3039c982f74",
      "track_number" : 10,
      "type" : "track",
      "uri" : "spotify:track:2NcQic8JxdjAlAHuNbOIRE"
    }, {
      "artists" : [ {
        "external_urls" : {
          "spotify" : "https://open.spotify.com/artist/6KImCVD70vtIoJWnq6nGn3"
        },
        "href" : "https://api.spotify.com/v1/artists/6KImCVD70vtIoJWnq6nGn3",
        "id" : "6KImCVD70vtIoJWnq6nGn3",
        "name" : "Harry Styles",
        "type" : "artist",
        "uri" : "spotify:artist:6KImCVD70vtIoJWnq6nGn3"
      } ],
      "disc_number" : 1,
      "duration_ms" : 218577,
      "explicit" : false,
      "external_urls" : {
        "spotify" : "https://open.spotify.com/track/0rzaRSujxA0bKyjJl6vHYq"
      },
      "href" : "https://api.spotify.com/v1/tracks/0rzaRSujxA0bKyjJl6vHYq",
      "id" : "0rzaRSujxA0bKyjJl6vHYq",
      "is_local" : false,
      "is_playable" : true,
      "name" : "Satellite",
      "preview_url" : "https://p.scdn.co/mp3-preview/cff61b71737a5d6389666dde5d14a2d76e04fe7b?cid=88a836718f2640aeb371d3039c982f74",
      "track_number" : 11,
      "type" : "track",
      "uri" : "spotify:track:0rzaRSujxA0bKyjJl6vHYq"
    }, {
      "artists" : [ {
        "external_urls" : {
          "spotify" : "https://open.spotify.com/artist/6KImCVD70vtIoJWnq6nGn3"
        },
        "href" : "https://api.spotify.com/v1/artists/6KImCVD70vtIoJWnq6nGn3",
        "id" : "6KImCVD70vtIoJWnq6nGn3",
        "name" : "Harry Styles",
        "type" : "artist",
        "uri" : "spotify:artist:6KImCVD70vtIoJWnq6nGn3"
      } ],
      "disc_number" : 1,
      "duration_ms" : 194543,
      "explicit" : false,
      "external_urls" : {
        "spotify" : "https://open.spotify.com/track/6qj02zSeEJGWZ4c0dn5QzJ"
      },
      "href" : "https://api.spotify.com/v1/tracks/6qj02zSeEJGWZ4c0dn5QzJ",
      "id" : "6qj02zSeEJGWZ4c0dn5QzJ",
      "is_local" : false,
      "is_playable" : true,
      "name" : "Boyfriends",
      "preview_url" : "https://p.scdn.co/mp3-preview/c2c5b9e635ce52f761d1bbb626061a711d979672?cid=88a836718f2640aeb371d3039c982f74",
      "track_number" : 12,
      "type" : "track",
      "uri" : "spotify:track:6qj02zSeEJGWZ4c0dn5QzJ"
    }, {
      "artists" : [ {
        "external_urls" : {
          "spotify" : "https://open.spotify.com/artist/6KImCVD70vtIoJWnq6nGn3"
        },
        "href" : "https://api.spotify.com/v1/artists/6KImCVD70vtIoJWnq6nGn3",
        "id" : "6KImCVD70vtIoJWnq6nGn3",
        "name" : "Harry Styles",
        "type" : "artist",
        "uri" : "spotify:artist:6KImCVD70vtIoJWnq6nGn3"
      } ],
      "disc_number" : 1,
      "duration_ms" : 191638,
      "explicit" : false,
      "external_urls" : {
        "spotify" : "https://open.spotify.com/track/1mw0RgNXIpYRyyCdBQbLgA"
      },
      "href" : "https://api.spotify.com/v1/tracks/1mw0RgNXIpYRyyCdBQbLgA",
      "id" : "1mw0RgNXIpYRyyCdBQbLgA",
      "is_local" : false,
      "is_playable" : true,
      "name" : "Love Of My Life",
      "preview_url" : "https://p.scdn.co/mp3-preview/8eb6daf5524a3e049992c6852cfae566e22c1a59?cid=88a836718f2640aeb371d3039c982f74",
      "track_number" : 13,
      "type" : "track",
      "uri" : "spotify:track:1mw0RgNXIpYRyyCdBQbLgA"
    } ],
    "limit" : 50,
    "next" : null,
    "offset" : 0,
    "previous" : null,
    "total" : 13
  },
  "type" : "album",
  "uri" : "spotify:album:5r36AJ6VOJtp00oxSkBZ5h"
}