{
  "albums" : {
    "href" : "https://api.spotify.com/v1/search?query=rosa&type=album&offset=0&limit=20",
    "items" : [ {
      "album_type" : "single",
      "artists" : [ {
        "external_urls" : {
          "spotify" : "https://open.spotify.com/artist/12GqGscKJx3aE4t07u7eVZ"
        },
        "href" : "https://api.spotify.com/v1/artists/12GqGscKJx3aE4t07u7eVZ",
        "id" : "12GqGscKJx3aE4t07u7eVZ",
        "name" : "Peso Pluma",
        "type" : "artist",
        "uri" : "spotify:artist:12GqGscKJx3aE4t07u7eVZ"
      }, {
        "external_urls" : {
          "spotify" : "https://open.spotify.com/artist/0T8Ix53aIN4F7aEKj4EnKy"
        },
        "href" : "https://api.spotify.com/v1/artists/0T8Ix53aIN4F7aEKj4EnKy",
        "id" : "0T8Ix53aIN4F7aEKj4EnKy",
        "name" : "Jasiel Nuñez",
        "type" : "artist",
        "uri" : "spotify:artist:0T8Ix53aIN4F7aEKj4EnKy"
      } ],
      "available_markets" : [ "AR", "AU", "AT", "BE", "BO", "BR", "BG", "CA", "CL", "CO", "CR", "CY", "CZ", "DK", "DO", "DE", "EC", "EE", "SV", "FI", "FR", "GR", "GT", "HN", "HK", "HU", "IS", "IE", "IT", "LV", "LT", "LU", "MY", "MT", "MX", "NL", "NZ", "NI", "NO", "PA", "PY", "PE", "PH", "PL", "PT", "SG", "SK", "ES", "SE", "CH", "TW", "TR", "UY", "US", "GB", "AD", "LI", "MC", "ID", "JP", "TH", "VN", "RO", "IL", "ZA", "SA", "AE", "BH", "QA", "OM", "KW", "EG", "MA", "DZ", "TN", "LB", "JO", "PS", "IN", "BY", "KZ", "MD", "UA", "AL", "BA", "HR", "ME", "MK", "RS", "SI", "KR", "BD", "PK", "LK", "GH", "KE", "NG", "TZ", "UG", "AG", "AM", "BS", "BB", "BZ", "BT", "BW", "BF", "CV", "CW", "DM", "FJ", "GM", "GE", "GD", "GW", "GY", "HT", "JM", "KI", "LS", "LR", "MW", "MV", "ML", "MH", "FM", "NA", "NR", "NE", "PW", "PG", "WS", "SM", "ST", "SN", "SC", "SL", "SB", "KN", "LC", "VC", "SR", "TL", "TO", "TT", "TV", "VU", "AZ", "BN", "BI", "KH", "CM", "TD", "KM", "GQ", "SZ", "GA", "GN", "KG", "LA", "MO", "MR", "MN", "NP", "RW", "TG", "UZ", "ZW", "BJ", "MG", "MU", "MZ", "AO", "CI", "DJ", "ZM", "CD", "CG", "IQ", "LY", "TJ", "VE", "ET", "XK" ],
      "external_urls" : {
        "spotify" : "https://open.spotify.com/album/1PFKd6UNr0AHTNpfPbcd7v"
      },
      "href" : "https://api.spotify.com/v1/albums/1PFKd6UNr0AHTNpfPbcd7v",
      "id" : "1PFKd6UNr0AHTNpfPbcd7v",
      "images" : [ {
        "height" : 640,
        "url" : "https://i.scdn.co/image/ab67616d0000b273dc5b182a07d33d3720c869b2",
        "width" : 640
      }, {
        "height" : 300,
        "url" : "https://i.scdn.co/image/ab67616d00001e02dc5b182a07d33d3720c869b2",
        "width" : 300
      }, {
        "height" : 64,
        "url" : "https://i.scdn.co/image/ab67616d00004851dc5b182a07d33d3720c869b2",
        "width" : 64
      } ],
      "name" : "Rosa Pastel",
      "release_date" : "2023-04-20",
      "release_date_precision" : "day",
      "total_tracks" : 1,
      "type" : "album",
      "uri" : "spotify:album:1PFKd6UNr0AHTNpfPbcd7v"
    }, {
      "album_type" : "album",
      "artists" : [ {
        "external_urls" : {
          "spotify" : "https://open.spotify.com/artist/7ltDVBr6mKbRvohxheJ9h1"
        },
        "href" : "https://api.spotify.com/v1/artists/7ltDVBr6mKbRvohxheJ9h1",
        "id" : "7ltDVBr6mKbRvohxheJ9h1",
        "name" : "ROSALÍA",
        "type" : "artist",
        "uri" : "spotify:artist:7ltDVBr6mKbRvohxheJ9h1"
      } ],
      "available_markets" : [ "AR", "AU", "AT", "BE", "BO", "BR", "BG", "CA", "CL", "CO", "CR", "CY", "CZ", "DK", "DO", "DE", "EC", "EE", "SV", "FI", "FR", "GR", "GT", "HN", "HK", "HU", "IS", "IE", "IT", "LV", "LT", "LU", "MY", "MT", "MX", "NL", "NZ", "NI", "NO", "PA", "PY", "PE", "PH", "PL", "PT", "SG", "SK", "ES", "SE", "CH", "TW", "TR", "UY", "US", "GB", "AD", "LI", "MC", "ID", "JP", "TH", "VN", "RO", "IL", "ZA", "SA", "AE", "BH", "QA", "OM", "KW", "EG", "MA", "DZ", "TN", "LB", "JO", "PS", "IN", "BY", "KZ", "MD", "UA", "AL", "BA", "HR", "ME", "MK", "RS", "SI", "KR", "BD", "PK", "LK", "GH", "KE", "NG", "TZ", "UG", "AG", "AM", "BS", "BB", "BZ", "BT", "BW", "BF", "CV", "CW", "DM", "FJ", "GM", "GE", "GD", "GW", "GY", "HT", "JM", "KI", "LS", "LR", "MW", "MV", "ML", "MH", "FM", "NA", "NR", "NE", "PW", "PG", "WS", "SM", "ST", "SN", "SC", "SL", "SB", "KN", "LC", "VC", "SR", "TL", "TO", "TT", "TV", "VU", "AZ", "BN", "BI", "KH", "CM", "TD", "KM", "GQ", "SZ", "GA", "GN", "KG", "LA", "MO", "MR", "MN", "NP", "RW", "TG", "UZ", "ZW", "BJ", "MG", "MU", "MZ", "AO", "CI", "DJ", "ZM", "CD", "CG", "IQ", "LY", "TJ", "VE", "ET", "XK" ],
      "external_urls" : {
        "spotify" : "https://open.spotify.com/album/6jbtHi5R0jMXoliU2OS0lo"
      },
      "href" : "https://api.spotify.com/v1/albums/6jbtHi5R0jMXoliU2OS0lo",
      "id" : "6jbtHi5R0jMXoliU2OS0lo",
      "images" : [ {
        "height" : 640,
        "url" : "https://i.scdn.co/image/ab67616d0000b2730c179967a265de0fc76382fe",
        "width" : 640
      }, {
        "height" : 300,
        "url" : "https://i.scdn.co/image/ab67616d00001e020c179967a265de0fc76382fe",
        "width" : 300
      }, {
        "height" : 64,
        "url" : "https://i.scdn.co/image/ab67616d000048510c179967a265de0fc76382fe",
        "width" : 64
      } ],
      "name" : "MOTOMAMI",
      "release_date" : "2022-03-18",
      "release_date_precision" : "day",
      "total_tracks" : 16,
      "type" : "album",
      "uri" : "spotify:album:6jbtHi5R0jMXoliU2OS0lo"
    }, {
      "album_type" : "single",
      "artists" : [ {
        "external_urls" : {
          "spotify" : "https://open.spotify.com/artist/7ltDVBr6mKbRvohxheJ9h1"
        },
        "href" : "https://api.spotify.com/v1/artists/7ltDVBr6mKbRvohxheJ9h1",
        "id" : "7ltDVBr6mKbRvohxheJ9h1",
        "name" : "ROSALÍA",
        "type" : "artist",
        "uri" : "spotify:artist:7ltDVBr6mKbRvohxheJ9h1"
      }, {
        "external_urls" : {
          "spotify" : "https://open.spotify.com/artist/1mcTU81TzQhprhouKaTkpq"
        },
        "href" : "https://api.spotify.com/v1/artists/1mcTU81TzQhprhouKaTkpq",
        "id" : "1mcTU81TzQhprhouKaTkpq",
        "name" : "Rauw Alejandro",
        "type" : "artist",
        "uri" : "spotify:artist:1mcTU81TzQhprhouKaTkpq"
      } ],
      "available_markets" : [ "AR", "AU", "AT", "BE", "BO", "BR", "BG", "CA", "CL", "CO", "CR", "CY", "CZ", "DK", "DO", "DE", "EC", "EE", "SV", "FI", "FR", "GR", "GT", "HN", "HK", "HU", "IS", "IE", "IT", "LV", "LT", "LU", "MY", "MT", "MX", "NL", "NZ", "NI", "NO", "PA", "PY", "PE", "PH", "PL", "PT", "SG", "SK", "ES", "SE", "CH", "TW", "TR", "UY", "US", "GB", "AD", "LI", "MC", "ID", "JP", "TH", "VN", "RO", "IL", "ZA", "SA", "AE", "BH", "QA", "OM", "KW", "EG", "MA", "DZ", "TN", "LB", "JO", "PS", "IN", "BY", "KZ", "MD", "UA", "AL", "BA", "HR", "ME", "MK", "RS", "SI", "KR", "BD", "PK", "LK", "GH", "KE", "NG", "TZ", "UG", "AG", "AM", "BS", "BB", "BZ", "BT", "BW", "BF", "CV", "CW", "DM", "FJ", "GM", "GE", "GD", "GW", "GY", "HT", "JM", "KI", "LS", "LR", "MW", "MV", "ML", "MH", "FM", "NA", "NR", "NE", "PW", "PG", "WS", "SM", "ST", "SN", "SC", "SL", "SB", "KN", "LC", "VC", "SR", "TL", "TO", "TT", "TV", "VU", "AZ", "BN", "BI", "KH", "CM", "TD", "KM", "GQ", "SZ", "GA", "GN", "KG", "LA", "MO", "MR", "MN", "NP", "RW", "TG", "UZ", "ZW", "BJ", "MG", "MU", "MZ", "AO", "CI", "DJ", "ZM", "CD", "CG", "IQ", "LY", "TJ", "VE", "ET", "XK" ],
      "external_urls" : {
        "spotify" : "https://open.spotify.com/album/50uChhk7AKkzDKytDixjYW"
      },
      "href" : "https://api.spotify.com/v1/albums/50uChhk7AKkzDKytDixjYW",
      "id" : "50uChhk7AKkzDKytDixjYW",
      "images" : [ {
        "height" : 640,
        "url" : "https://i.scdn.co/image/ab67616d0000b2734d6cf0d0d5e32ca4fa3a59e1",
        "width" : 640
      }, {
        "height" : 300,
        "url" : "https://i.scdn.co/image/ab67616d00001e024d6cf0d0d5e32ca4fa3a59e1",
        "width" : 300
      }, {
        "height" : 64,
        "url" : "https://i.scdn.co/image/ab67616d000048514d6cf0d0d5e32ca4fa3a59e1",
        "width" : 64
      } ],
      "name" : "RR",
      "release_date" : "2023-03-24",
      "release_date_precision" : "day",
      "total_tracks" : 3,
      "type" : "album",
      "uri" : "spotify:album:50uChhk7AKkzDKytDixjYW"
    }, {
      "album_type" : "single",
      "artists" : [ {
        "external_urls" : {
          "spotify" : "https://open.spotify.com/artist/6ySvmMDgTOV3XTT6sgIovK"
        },
        "href" : "https://api.spotify.com/v1/artists/6ySvmMDgTOV3XTT6sgIovK",
        "id" : "6ySvmMDgTOV3XTT6sgIovK",
        "name" : "Nascondiglio",
        "type" : "artist",
        "uri" : "spotify:artist:6ySvmMDgTOV3XTT6sgIovK"
      } ],
      "available_markets" : [ "AR", "AU", "AT", "BE", "BO", "BR", "BG", "CA", "CL", "CO", "CR", "CY", "CZ", "DK", "DO", "DE", "EC", "EE", "SV", "FI", "FR", "GR", "GT", "HN", "HK", "HU", "IS", "IE", "IT", "LV", "LT", "LU", "MY", "MT", "MX", "NL", "NZ", "NI", "NO", "PA", "PY", "PE", "PH", "PL", "PT", "SG", "SK", "ES", "SE", "CH", "TW", "TR", "UY", "US", "GB", "AD", "LI", "MC", "ID", "JP", "TH", "VN", "RO", "IL", "ZA", "SA", "AE", "BH", "QA", "OM", "KW", "EG", "MA", "DZ", "TN", "LB", "JO", "PS", "IN", "BY", "KZ", "MD", "UA", "AL", "BA", "HR", "ME", "MK", "RS", "SI", "KR", "BD", "PK", "LK", "GH", "KE", "NG", "TZ", "UG", "AG", "AM", "BS", "BB", "BZ", "BT", "BW", "BF", "CV", "CW", "DM", "FJ", "GM", "GE", "GD", "GW", "GY", "HT", "JM", "KI", "LS", "LR", "MW", "MV", "ML", "MH", "FM", "NA", "NR", "NE", "PW", "PG", "WS", "SM", "ST", "SN", "SC", "SL", "SB", "KN", "LC", "VC", "SR", "TL", "TO", "TT", "TV", "VU", "AZ", "BN", "BI", "KH", "CM", "TD", "KM", "GQ", "SZ", "GA", "GN", "KG", "LA", "MO", "MR", "MN", "NP", "RW", "TG", "UZ", "ZW", "BJ", "MG", "MU", "MZ", "AO", "CI", "DJ", "ZM", "CD", "CG", "IQ", "LY", "TJ", "VE", "ET", "XK" ],
      "external_urls" : {
        "spotify" : "https://open.spotify.com/album/1tUPHtLwTsYCJbJHgqxD3E"
      },
      "href" : "https://api.spotify.com/v1/albums/1tUPHtLwTsYCJbJHgqxD3E",
      "id" : "1tUPHtLwTsYCJbJHgqxD3E",
      "images" : [ {
        "height" : 640,
        "url" : "https://i.scdn.co/image/ab67616d0000b2730340f84ee0eed42661a5e721",
        "width" : 640
      }, {
        "height" : 300,
        "url" : "https://i.scdn.co/image/ab67616d00001e020340f84ee0eed42661a5e721",
        "width" : 300
      }, {
        "height" : 64,
        "url" : "https://i.scdn.co/image/ab67616d000048510340f84ee0eed42661a5e721",
        "width" : 64
      } ],
      "name" : "Rosa",
      "release_date" : "2023-05-12",
      "release_date_precision" : "day",
      "total_tracks" : 1,
      "type" : "album",
      "uri" : "spotify:album:1tUPHtLwTsYCJbJHgqxD3E"
    }, {
      "album_type" : "album",
      "artists" : [ {
        "external_urls" : {
          "spotify" : "https://open.spotify.com/artist/7ltDVBr6mKbRvohxheJ9h1"
        },
        "href" : "https://api.spotify.com/v1/artists/7ltDVBr6mKbRvohxheJ9h1",
        "id" : "7ltDVBr6mKbRvohxheJ9h1",
        "name" : "ROSALÍA",
        "type" : "artist",
        "uri" : "spotify:artist:7ltDVBr6mKbRvohxheJ9h1"
      } ],
      "available_markets" : [ "AR", "AU", "AT", "BE", "BO", "BR", "BG", "CA", "CL", "CO", "CR", "CY", "CZ", "DK", "DO", "DE", "EC", "EE", "SV", "FI", "FR", "GR", "GT", "HN", "HK", "HU", "IS", "IE", "IT", "LV", "LT", "LU", "MY", "MT", "MX", "NL", "NZ", "NI", "NO", "PA", "PY", "PE", "PH", "PL", "PT", "SG", "SK", "ES", "SE", "CH", "TW", "TR", "UY", "US", "GB", "AD", "LI", "MC", "ID", "JP", "TH", "VN", "RO", "IL", "ZA", "SA", "AE", "BH", "QA", "OM", "KW", "EG", "MA", "DZ", "TN", "LB", "JO", "PS", "IN", "BY", "KZ", "MD", "UA", "AL", "BA", "HR", "ME", "MK", "RS", "SI", "KR", "BD", "PK", "LK", "GH", "KE", "NG", "TZ", "UG", "AG", "AM", "BS", "BB", "BZ", "BT", "BW", "BF", "CV", "CW", "DM", "FJ", "GM", "GE", "GD", "GW", "GY", "HT", "JM", "KI", "LS", "LR", "MW", "MV", "ML", "MH", "FM", "NA", "NR", "NE", "PW", "PG", "WS", "SM", "ST", "SN", "SC", "SL", "SB", "KN", "LC", "VC", "SR", "TL", "TO", "TT", "TV", "VU", "AZ", "BN", "BI", "KH", "CM", "TD", "KM", "GQ", "SZ", "GA", "GN", "KG", "LA", "MO", "MR", "MN", "NP", "RW", "TG", "UZ", "ZW", "BJ", "MG", "MU", "MZ", "AO", "CI", "DJ", "ZM", "CD", "CG", "IQ", "LY", "TJ", "VE", "ET", "XK" ],
      "external_urls" : {
        "spotify" : "https://open.spotify.com/album/355bjCHzRJztCzaG5Za4gq"
      },
      "href" : "https://api.spotify.com/v1/albums/355bjCHzRJztCzaG5Za4gq",
      "id" : "355bjCHzRJztCzaG5Za4gq",
      "images" : [ {
        "height" : 640,
        "url" : "https://i.scdn.co/image/ab67616d0000b273f4d64a6a6b7e24b6bd9f009f",
        "width" : 640
      }, {
        "height" : 300,
        "url" : "https://i.scdn.co/image/ab67616d00001e02f4d64a6a6b7e24b6bd9f009f",
        "width" : 300
      }, {
        "height" : 64,
        "url" : "https://i.scdn.co/image/ab67616d00004851f4d64a6a6b7e24b6bd9f009f",
        "width" : 64
      } ],
      "name" : "El Mal Querer",
      "release_date" : "2018-11-02",
      "release_date_precision" : "day",
      "total_tracks" : 11,
      "type" : "album",
      "uri" : "spotify:album:355bjCHzRJztCzaG5Za4gq"
    }, {
      "album_type" : "album",
      "artists" : [ {
        "external_urls" : {
          "spotify" : "https://open.spotify.com/artist/7ltDVBr6mKbRvohxheJ9h1"
        },
        "href" : "https://api.spotify.com/v1/artists/7ltDVBr6mKbRvohxheJ9h1",
        "id" : "7ltDVBr6mKbRvohxheJ9h1",
        "name" : "ROSALÍA",
        "type" : "artist",
        "uri" : "spotify:artist:7ltDVBr6mKbRvohxheJ9h1"
      } ],
      "available_markets" : [ "AR", "AU", "AT", "BE", "BO", "BR", "BG", "CA", "CL", "CO", "CR", "CY", "CZ", "DK", "DO", "DE", "EC", "EE", "SV", "FI", "FR", "GR", "GT", "HN", "HK", "HU", "IS", "IE", "IT", "LV", "LT", "LU", "MY", "MT", "MX", "NL", "NZ", "NI", "NO", "PA", "PY", "PE", "PH", "PL", "PT", "SG", "SK", "ES", "SE", "CH", "TW", "TR", "UY", "US", "GB", "AD", "LI", "MC", "ID", "JP", "TH", "VN", "RO", "IL", "ZA", "SA", "AE", "BH", "QA", "OM", "KW", "EG", "MA", "DZ", "TN", "LB", "JO", "PS", "IN", "BY", "KZ", "MD", "UA", "AL", "BA", "HR", "ME", "MK", "RS", "SI", "KR", "BD", "PK", "LK", "GH", "KE", "NG", "TZ", "UG", "AG", "AM", "BS", "BB", "BZ", "BT", "BW", "BF", "CV", "CW", "DM", "FJ", "GM", "GE", "GD", "GW", "GY", "HT", "JM", "KI", "LS", "LR", "MW", "MV", "ML", "MH", "FM", "NA", "NR", "NE", "PW", "PG", "WS", "SM", "ST", "SN", "SC", "SL", "SB", "KN", "LC", "VC", "SR", "TL", "TO", "TT", "TV", "VU", "AZ", "BN", "BI", "KH", "CM", "TD", "KM", "GQ", "SZ", "GA", "GN", "KG", "LA", "MO", "MR", "MN", "NP", "RW", "TG", "UZ", "ZW", "BJ", "MG", "MU", "MZ", "AO", "CI", "DJ", "ZM", "CD", "CG", "IQ", "LY", "TJ", "VE", "ET", "XK" ],
      "external_urls" : {
        "spotify" : "https://open.spotify.com/album/3zbiiu3JTibw0esC7eoMXr"
      },
      "href" : "https://api.spotify.com/v1/albums/3zbiiu3JTibw0esC7eoMXr",
      "id" : "3zbiiu3JTibw0esC7eoMXr",
      "images" : [ {
        "height" : 640,
        "url" : "https://i.scdn.co/image/ab67616d0000b273efc0ef9dd996312ebaf0bf52",
        "width" : 640
      }, {
        "height" : 300,
        "url" : "https://i.scdn.co/image/ab67616d00001e02efc0ef9dd996312ebaf0bf52",
        "width" : 300
      }, {
        "height" : 64,
        "url" : "https://i.scdn.co/image/ab67616d00004851efc0ef9dd996312ebaf0bf52",
        "width" : 64
      } ],
      "name" : "MOTOMAMI +",
      "release_date" : "2022-09-09",
      "release_date_precision" : "day",
      "total_tracks" : 24,
      "type" : "album",
      "uri" : "spotify:album:3zbiiu3JTibw0esC7eoMXr"
    }, {
      "album_type" : "single",
      "artists" : [ {
        "external_urls" : {
          "spotify" : "https://open.spotify.com/artist/46xBNx0j6cwY6sD9LgMTm1"
        },
        "href" : "https://api.spotify.com/v1/artists/46xBNx0j6cwY6sD9LgMTm1",
        "id" : "46xBNx0j6cwY6sD9LgMTm1",
        "name" : "Rosa Linn",
        "type" : "artist",
        "uri" : "spotify:artist:46xBNx0j6cwY6sD9LgMTm1"
      } ],
      "available_markets" : [ "AR", "AU", "AT", "BE", "BO", "BR", "BG", "CA", "CL", "CO", "CR", "CY", "CZ", "DK", "DO", "DE", "EC", "EE", "SV", "FI", "FR", "GR", "GT", "HN", "HK", "HU", "IS", "IE", "IT", "LV", "LT", "LU", "MY", "MT", "MX", "NL", "NZ", "NI", "NO", "PA", "PY", "PE", "PH", "PL", "PT", "SG", "SK", "ES", "SE", "CH", "TW", "TR", "UY", "US", "GB", "AD", "LI", "MC", "ID", "JP", "TH", "VN", "RO", "IL", "ZA", "SA", "AE", "BH", "QA", "OM", "KW", "EG", "MA", "DZ", "TN", "LB", "JO", "PS", "IN", "BY", "KZ", "MD", "UA", "AL", "BA", "HR", "ME", "MK", "RS", "SI", "KR", "BD", "PK", "LK", "GH", "KE", "NG", "TZ", "UG", "AG", "AM", "BS", "BB", "BZ", "BT", "BW", "BF", "CV", "CW", "DM", "FJ", "GM", "GE", "GD", "GW", "GY", "HT", "JM", "KI", "LS", "LR", "MW", "MV", "ML", "MH", "FM", "NA", "NR", "NE", "PW", "PG", "WS", "SM", "ST", "SN", "SC", "SL", "SB", "KN", "LC", "VC", "SR", "TL", "TO", "TT", "TV", "VU", "AZ", "BN", "BI", "KH", "CM", "TD", "KM", "GQ", "SZ", "GA", "GN", "KG", "LA", "MO", "MR", "MN", "NP", "RW", "TG", "UZ", "ZW", "BJ", "MG", "MU", "MZ", "AO", "CI", "DJ", "ZM", "CD", "CG", "IQ", "LY", "TJ", "VE", "ET", "XK" ],
      "external_urls" : {
        "spotify" : "https://open.spotify.com/album/4fb1QzgTJpTk9TBjFzjmlR"
      },
      "href" : "https://api.spotify.com/v1/albums/4fb1QzgTJpTk9TBjFzjmlR",
      "id" : "4fb1QzgTJpTk9TBjFzjmlR",
      "images" : [ {
        "height" : 640,
        "url" : "https://i.scdn.co/image/ab67616d0000b2731391b1fdb63da53e5b112224",
        "width" : 640
      }, {
        "height" : 300,
        "url" : "https://i.scdn.co/image/ab67616d00001e021391b1fdb63da53e5b112224",
        "width" : 300
      }, {
        "height" : 64,
        "url" : "https://i.scdn.co/image/ab67616d000048511391b1fdb63da53e5b112224",
        "width" : 64
      } ],
      "name" : "SNAP",
      "release_date" : "2022-03-19",
      "release_date_precision" : "day",
      "total_tracks" : 1,
      "type" : "album",
      "uri" : "spotify:album:4fb1QzgTJpTk9TBjFzjmlR"
    }, {
      "album_type" : "single",
      "artists" : [ {
        "external_urls" : {
          "spotify" : "https://open.spotify.com/artist/5ammB311bWX2B5DGqhIPum"
        },
        "href" : "https://api.spotify.com/v1/artists/5ammB311bWX2B5DGqhIPum",
        "id" : "5ammB311bWX2B5DGqhIPum",
        "name" : "Shaa Gz",
        "type" : "artist",
        "uri" : "spotify:artist:5ammB311bWX2B5DGqhIPum"
      } ],
      "available_markets" : [ "AR", "AU", "AT", "BE", "BO", "BR", "BG", "CA", "CL", "CO", "CR", "CY", "CZ", "DK", "DO", "DE", "EC", "EE", "SV", "FI", "FR", "GR", "GT", "HN", "HK", "HU", "IS", "IE", "IT", "LV", "LT", "LU", "MY", "MT", "MX", "NL", "NZ", "NI", "NO", "PA", "PY", "PE", "PH", "PL", "PT", "SG", "SK", "ES", "SE", "CH", "TW", "TR", "UY", "US", "GB", "AD", "LI", "MC", "ID", "JP", "TH", "VN", "RO", "IL", "ZA", "SA", "AE", "BH", "QA", "OM", "KW", "EG", "MA", "DZ", "TN", "LB", "JO", "PS", "IN", "BY", "KZ", "MD", "UA", "AL", "BA", "HR", "ME", "MK", "RS", "SI", "KR", "BD", "PK", "LK", "GH", "KE", "NG", "TZ", "UG", "AG", "AM", "BS", "BB", "BZ", "BT", "BW", "BF", "CV", "CW", "DM", "FJ", "GM", "GE", "GD", "GW", "GY", "HT", "JM", "KI", "LS", "LR", "MW", "MV", "ML", "MH", "FM", "NA", "NR", "NE", "PW", "PG", "WS", "SM", "ST", "SN", "SC", "SL", "SB", "KN", "LC", "VC", "SR", "TL", "TO", "TT", "TV", "VU", "AZ", "BN", "BI", "KH", "CM", "TD", "KM", "GQ", "SZ", "GA", "GN", "KG", "LA", "MO", "MR", "MN", "NP", "RW", "TG", "UZ", "ZW", "BJ", "MG", "MU", "MZ", "AO", "CI", "DJ", "ZM", "CD", "CG", "IQ", "LY", "TJ", "VE", "ET", "XK" ],
      "external_urls" : {
        "spotify" : "https://open.spotify.com/album/0NhKjfS4o9bS2OodlAzJqA"
      },
      "href" : "https://api.spotify.com/v1/albums/0NhKjfS4o9bS2OodlAzJqA",
      "id" : "0NhKjfS4o9bS2OodlAzJqA",
      "images" : [ {
        "height" : 640,
        "url" : "https://i.scdn.co/image/ab67616d0000b2732295f65ed57162e3f9369bbb",
        "width" : 640
      }, {
        "height" : 300,
        "url" : "https://i.scdn.co/image/ab67616d00001e022295f65ed57162e3f9369bbb",
        "width" : 300
      }, {
        "height" : 64,
        "url" : "https://i.scdn.co/image/ab67616d000048512295f65ed57162e3f9369bbb",
        "width" : 64
      } ],
      "name" : "Rosa",
      "release_date" : "2022-02-24",
      "release_date_precision" : "day",
      "total_tracks" : 1,
      "type" : "album",
      "uri" : "spotify:album:0NhKjfS4o9bS2OodlAzJqA"
    }, {
      "album_type" : "album",
      "artists" : [ {
        "external_urls" : {
          "spotify" : "https://open.spotify.com/artist/7ltDVBr6mKbRvohxheJ9h1"
        },
        "href" : "https://api.spotify.com/v1/artists/7ltDVBr6mKbRvohxheJ9h1",
        "id" : "7ltDVBr6mKbRvohxheJ9h1",
        "name" : "ROSALÍA",
        "type" : "artist",
        "uri" : "spotify:artist:7ltDVBr6mKbRvohxheJ9h1"
      } ],
      "available_markets" : [ "AR", "AU", "AT", "BE", "BO", "BR", "BG", "CA", "CL", "CO", "CR", "CY", "CZ", "DK", "DO", "DE", "EC", "EE", "SV", "FI", "FR", "GR", "GT", "HN", "HK", "HU", "IS", "IE", "IT", "LV", "LT", "LU", "MY", "MT", "MX", "NL", "NZ", "NI", "NO", "PA", "PY", "PE", "PH", "PL", "PT", "SG", "SK", "ES", "SE", "CH", "TW", "TR", "UY", "US", "GB", "AD", "LI", "MC", "ID", "JP", "TH", "VN", "RO", "IL", "ZA", "SA", "AE", "BH", "QA", "OM", "KW", "EG", "MA", "DZ", "TN", "LB", "JO", "PS", "IN", "BY", "KZ", "MD", "UA", "AL", "BA", "HR", "ME", "MK", "RS", "SI", "KR", "BD", "PK", "LK", "GH", "KE", "NG", "TZ", "UG", "AG", "AM", "BS", "BB", "BZ", "BT", "BW", "BF", "CV", "CW", "DM", "FJ", "GM", "GE", "GD", "GW", "GY", "HT", "JM", "KI", "LS", "LR", "MW", "MV", "ML", "MH", "FM", "NA", "NR", "NE", "PW", "PG", "WS", "SM", "ST", "SN", "SC", "SL", "SB", "KN", "LC", "VC", "SR", "TL", "TO", "TT", "TV", "VU", "AZ", "BN", "BI", "KH", "CM", "TD", "KM", "GQ", "SZ", "GA", "GN", "KG", "LA", "MO", "MR", "MN", "NP", "RW", "TG", "UZ", "ZW", "BJ", "MG", "MU", "MZ", "AO", "CI", "DJ", "ZM", "CD", "CG", "IQ", "LY", "TJ", "VE", "ET", "XK" ],
      "external_urls" : {
        "spotify" : "https://open.spotify.com/album/7mGsUwMuhsKiOKx9X9k7tj"
      },
      "href" : "https://api.spotify.com/v1/albums/7mGsUwMuhsKiOKx9X9k7tj",
      "id" : "7mGsUwMuhsKiOKx9X9k7tj",
      "images" : [ {
        "height" : 640,
        "url" : "https://i.scdn.co/image/ab67616d0000b273c76ccdb32228d3ea38a9f5d6",
        "width" : 640
      }, {
        "height" : 300,
        "url" : "https://i.scdn.co/image/ab67616d00001e02c76ccdb32228d3ea38a9f5d6",
        "width" : 300
      }, {
        "height" : 64,
        "url" : "https://i.scdn.co/image/ab67616d00004851c76ccdb32228d3ea38a9f5d6",
        "width" : 64
      } ],
      "name" : "Los Ángeles",
      "release_date" : "2017-02-10",
      "release_date_precision" : "day",
      "total_tracks" : 12,
      "type" : "album",
      "uri" : "spotify:album:7mGsUwMuhsKiOKx9X9k7tj"
    }, {
      "album_type" : "album",
      "artists" : [ {
        "external_urls" : {
          "spotify" : "https://open.spotify.com/artist/6ySHNrLBDCdYRyQKGfsZ37"
        },
        "href" : "https://api.spotify.com/v1/artists/6ySHNrLBDCdYRyQKGfsZ37",
        "id" : "6ySHNrLBDCdYRyQKGfsZ37",
        "name" : "Los Traileros Del Norte",
        "type" : "artist",
        "uri" : "spotify:artist:6ySHNrLBDCdYRyQKGfsZ37"
      } ],
      "available_markets" : [ "AR", "AU", "AT", "BE", "BO", "BR", "BG", "CA", "CL", "CO", "CR", "CY", "CZ", "DK", "DO", "DE", "EC", "EE", "SV", "FI", "FR", "GR", "GT", "HN", "HK", "HU", "IS", "IE", "IT", "LV", "LT", "LU", "MY", "MT", "MX", "NL", "NZ", "NI", "NO", "PA", "PY", "PE", "PH", "PL", "PT", "SG", "SK", "ES", "SE", "CH", "TW", "TR", "UY", "US", "GB", "AD", "LI", "MC", "ID", "JP", "TH", "VN", "RO", "IL", "ZA", "SA", "AE", "BH", "QA", "OM", "KW", "EG", "MA", "DZ", "TN", "LB", "JO", "PS", "IN", "BY", "KZ", "MD", "UA", "AL", "BA", "HR", "ME", "MK", "RS", "SI", "KR", "BD", "PK", "LK", "GH", "KE", "NG", "TZ", "UG", "AG", "AM", "BS", "BB", "BZ", "BT", "BW", "BF", "CV", "CW", "DM", "FJ", "GM", "GE", "GD", "GW", "GY", "HT", "JM", "KI", "LS", "LR", "MW", "MV", "ML", "MH", "FM", "NA", "NR", "NE", "PW", "PG", "WS", "SM", "ST", "SN", "SC", "SL", "SB", "KN", "LC", "VC", "SR", "TL", "TO", "TT", "TV", "VU", "AZ", "BN", "BI", "KH", "CM", "TD", "KM", "GQ", "SZ", "GA", "GN", "KG", "LA", "MO", "MR", "MN", "NP", "RW", "TG", "UZ", "ZW", "BJ", "MG", "MU", "MZ", "AO", "CI", "DJ", "ZM", "CD", "CG", "IQ", "LY", "TJ", "VE", "ET", "XK" ],
      "external_urls" : {
        "spotify" : "https://open.spotify.com/album/6K3skX1EmX7Dn56MjhnuC8"
      },
      "href" : "https://api.spotify.com/v1/albums/6K3skX1EmX7Dn56MjhnuC8",
      "id" : "6K3skX1EmX7Dn56MjhnuC8",
      "images" : [ {
        "height" : 640,
        "url" : "https://i.scdn.co/image/ab67616d0000b2736ff87f3e0fb4ecbce44551d9",
        "width" : 640
      }, {
        "height" : 300,
        "url" : "https://i.scdn.co/image/ab67616d00001e026ff87f3e0fb4ecbce44551d9",
        "width" : 300
      }, {
        "height" : 64,
        "url" : "https://i.scdn.co/image/ab67616d000048516ff87f3e0fb4ecbce44551d9",
        "width" : 64
      } ],
      "name" : "Rosas Blancas",
      "release_date" : "1984-01-01",
      "release_date_precision" : "day",
      "total_tracks" : 10,
      "type" : "album",
      "uri" : "spotify:album:6K3skX1EmX7Dn56MjhnuC8"
    }, {
      "album_type" : "album",
      "artists" : [ {
        "external_urls" : {
          "spotify" : "https://open.spotify.com/artist/2xroXLusGdM2xFGs0CbFyC"
        },
        "href" : "https://api.spotify.com/v1/artists/2xroXLusGdM2xFGs0CbFyC",
        "id" : "2xroXLusGdM2xFGs0CbFyC",
        "name" : "Brazeros Musical De Durango",
        "type" : "artist",
        "uri" : "spotify:artist:2xroXLusGdM2xFGs0CbFyC"
      } ],
      "available_markets" : [ "CR", "MX", "US" ],
      "external_urls" : {
        "spotify" : "https://open.spotify.com/album/2NgMMtUCCxCyLKhNqW9rNk"
      },
      "href" : "https://api.spotify.com/v1/albums/2NgMMtUCCxCyLKhNqW9rNk",
      "id" : "2NgMMtUCCxCyLKhNqW9rNk",
      "images" : [ {
        "height" : 640,
        "url" : "https://i.scdn.co/image/ab67616d0000b273c656e26c6f94743654668562",
        "width" : 640
      }, {
        "height" : 300,
        "url" : "https://i.scdn.co/image/ab67616d00001e02c656e26c6f94743654668562",
        "width" : 300
      }, {
        "height" : 64,
        "url" : "https://i.scdn.co/image/ab67616d00004851c656e26c6f94743654668562",
        "width" : 64
      } ],
      "name" : "Rosas Rojas",
      "release_date" : "2006-01-01",
      "release_date_precision" : "day",
      "total_tracks" : 13,
      "type" : "album",
      "uri" : "spotify:album:2NgMMtUCCxCyLKhNqW9rNk"
    }, {
      "album_type" : "album",
      "artists" : [ {
        "external_urls" : {
          "spotify" : "https://open.spotify.com/artist/7nZ3e67Mo4DLU1RC81KX8H"
        },
        "href" : "https://api.spotify.com/v1/artists/7nZ3e67Mo4DLU1RC81KX8H",
        "id" : "7nZ3e67Mo4DLU1RC81KX8H",
        "name" : "La Lá",
        "type" : "artist",
        "uri" : "spotify:artist:7nZ3e67Mo4DLU1RC81KX8H"
      } ],
      "available_markets" : [ "AR", "AU", "AT", "BE", "BO", "BR", "BG", "CA", "CL", "CO", "CR", "CY", "CZ", "DK", "DO", "DE", "EC", "EE", "SV", "FI", "FR", "GR", "GT", "HN", "HK", "HU", "IS", "IE", "IT", "LV", "LT", "LU", "MY", "MT", "MX", "NL", "NZ", "NI", "NO", "PA", "PY", "PE", "PH", "PL", "PT", "SG", "SK", "ES", "SE", "CH", "TW", "TR", "UY", "US", "GB", "AD", "LI", "MC", "ID", "JP", "TH", "VN", "RO", "IL", "ZA", "SA", "AE", "BH", "QA", "OM", "KW", "EG", "MA", "DZ", "TN", "LB", "JO", "PS", "IN", "BY", "KZ", "MD", "UA", "AL", "BA", "HR", "ME", "MK", "RS", "SI", "KR", "BD", "PK", "LK", "GH", "KE", "NG", "TZ", "UG", "AG", "AM", "BS", "BB", "BZ", "BT", "BW", "BF", "CV", "CW", "DM", "FJ", "GM", "GE", "GD", "GW", "GY", "HT", "JM", "KI", "LS", "LR", "MW", "MV", "ML", "MH", "FM", "NA", "NR", "NE", "PW", "PG", "WS", "SM", "ST", "SN", "SC", "SL", "SB", "KN", "LC", "VC", "SR", "TL", "TO", "TT", "TV", "VU", "AZ", "BN", "BI", "KH", "CM", "TD", "KM", "GQ", "SZ", "GA", "GN", "KG", "LA", "MO", "MR", "MN", "NP", "RW", "TG", "UZ", "ZW", "BJ", "MG", "MU", "MZ", "AO", "CI", "DJ", "ZM", "CD", "CG", "IQ", "LY", "TJ", "VE", "ET", "XK" ],
      "external_urls" : {
        "spotify" : "https://open.spotify.com/album/2hEqB0JliRzhmxRhyN9IEH"
      },
      "href" : "https://api.spotify.com/v1/albums/2hEqB0JliRzhmxRhyN9IEH",
      "id" : "2hEqB0JliRzhmxRhyN9IEH",
      "images" : [ {
        "height" : 640,
        "url" : "https://i.scdn.co/image/ab67616d0000b273cbde0fc2efe7a74305e411d6",
        "width" : 640
      }, {
        "height" : 300,
        "url" : "https://i.scdn.co/image/ab67616d00001e02cbde0fc2efe7a74305e411d6",
        "width" : 300
      }, {
        "height" : 64,
        "url" : "https://i.scdn.co/image/ab67616d00004851cbde0fc2efe7a74305e411d6",
        "width" : 64
      } ],
      "name" : "Rosa",
      "release_date" : "2014-02-21",
      "release_date_precision" : "day",
      "total_tracks" : 13,
      "type" : "album",
      "uri" : "spotify:album:2hEqB0JliRzhmxRhyN9IEH"
    }, {
      "album_type" : "single",
      "artists" : [ {
        "external_urls" : {
          "spotify" : "https://open.spotify.com/artist/5NUPPRjsbXHNyVDrUESYeh"
        },
        "href" : "https://api.spotify.com/v1/artists/5NUPPRjsbXHNyVDrUESYeh",
        "id" : "5NUPPRjsbXHNyVDrUESYeh",
        "name" : "Grupo Arriesgado",
        "type" : "artist",
        "uri" : "spotify:artist:5NUPPRjsbXHNyVDrUESYeh"
      } ],
      "available_markets" : [ "AR", "AU", "AT", "BE", "BO", "BR", "BG", "CA", "CL", "CO", "CR", "CY", "CZ", "DK", "DO", "DE", "EC", "EE", "SV", "FI", "FR", "GR", "GT", "HN", "HK", "HU", "IS", "IE", "IT", "LV", "LT", "LU", "MY", "MT", "MX", "NL", "NZ", "NI", "NO", "PA", "PY", "PE", "PH", "PL", "PT", "SG", "SK", "ES", "SE", "CH", "TW", "TR", "UY", "US", "GB", "AD", "LI", "MC", "ID", "JP", "TH", "VN", "RO", "IL", "ZA", "SA", "AE", "BH", "QA", "OM", "KW", "EG", "MA", "DZ", "TN", "LB", "JO", "PS", "IN", "BY", "KZ", "MD", "UA", "AL", "BA", "HR", "ME", "MK", "RS", "SI", "KR", "BD", "PK", "LK", "GH", "KE", "NG", "TZ", "UG", "AG", "AM", "BS", "BB", "BZ", "BT", "BW", "BF", "CV", "CW", "DM", "FJ", "GM", "GE", "GD", "GW", "GY", "HT", "JM", "KI", "LS", "LR", "MW", "MV", "ML", "MH", "FM", "NA", "NR", "NE", "PW", "PG", "WS", "SM", "ST", "SN", "SC", "SL", "SB", "KN", "LC", "VC", "SR", "TL", "TO", "TT", "TV", "VU", "AZ", "BN", "BI", "KH", "CM", "TD", "KM", "GQ", "SZ", "GA", "GN", "KG", "LA", "MO", "MR", "MN", "NP", "RW", "TG", "UZ", "ZW", "BJ", "MG", "MU", "MZ", "AO", "CI", "DJ", "ZM", "CD", "CG", "IQ", "LY", "TJ", "VE", "ET", "XK" ],
      "external_urls" : {
        "spotify" : "https://open.spotify.com/album/6sDgZzqJBy8r5TWPPVjL1E"
      },
      "href" : "https://api.spotify.com/v1/albums/6sDgZzqJBy8r5TWPPVjL1E",
      "id" : "6sDgZzqJBy8r5TWPPVjL1E",
      "images" : [ {
        "height" : 640,
        "url" : "https://i.scdn.co/image/ab67616d0000b2734a6b12faacdd74ccf3080ee9",
        "width" : 640
      }, {
        "height" : 300,
        "url" : "https://i.scdn.co/image/ab67616d00001e024a6b12faacdd74ccf3080ee9",
        "width" : 300
      }, {
        "height" : 64,
        "url" : "https://i.scdn.co/image/ab67616d000048514a6b12faacdd74ccf3080ee9",
        "width" : 64
      } ],
      "name" : "Rosas",
      "release_date" : "2023-10-13",
      "release_date_precision" : "day",
      "total_tracks" : 1,
      "type" : "album",
      "uri" : "spotify:album:6sDgZzqJBy8r5TWPPVjL1E"
    }, {
      "album_type" : "album",
      "artists" : [ {
        "external_urls" : {
          "spotify" : "https://open.spotify.com/artist/3VCrybIJKH7UurbDcZbMmn"
        },
        "href" : "https://api.spotify.com/v1/artists/3VCrybIJKH7UurbDcZbMmn",
        "id" : "3VCrybIJKH7UurbDcZbMmn",
        "name" : "Cami",
        "type" : "artist",
        "uri" : "spotify:artist:3VCrybIJKH7UurbDcZbMmn"
      } ],
      "available_markets" : [ "AR", "AU", "AT", "BE", "BO", "BR", "BG", "CA", "CL", "CO", "CR", "CY", "CZ", "DK", "DO", "DE", "EC", "EE", "SV", "FI", "FR", "GR", "GT", "HN", "HK", "HU", "IS", "IE", "IT", "LV", "LT", "LU", "MY", "MT", "MX", "NL", "NZ", "NI", "NO", "PA", "PY", "PE", "PH", "PL", "PT", "SG", "SK", "ES", "SE", "CH", "TW", "TR", "UY", "US", "GB", "AD", "LI", "MC", "ID", "JP", "TH", "VN", "RO", "IL", "ZA", "SA", "AE", "BH", "QA", "OM", "KW", "EG", "MA", "DZ", "TN", "LB", "JO", "PS", "IN", "BY", "KZ", "MD", "UA", "AL", "BA", "HR", "ME", "MK", "RS", "SI", "KR", "BD", "PK", "LK", "GH", "KE", "NG", "TZ", "UG", "AG", "AM", "BS", "BB", "BZ", "BT", "BW", "BF", "CV", "CW", "DM", "FJ", "GM", "GE", "GD", "GW", "GY", "HT", "JM", "KI", "LS", "LR", "MW", "MV", "ML", "MH", "FM", "NA", "NR", "NE", "PW", "PG", "WS", "SM", "ST", "SN", "SC", "SL", "SB", "KN", "LC", "VC", "SR", "TL", "TO", "TT", "TV", "VU", "AZ", "BN", "BI", "KH", "CM", "TD", "KM", "GQ", "SZ", "GA", "GN", "KG", "LA", "MO", "MR", "MN", "NP", "RW", "TG", "UZ", "ZW", "BJ", "MG", "MU", "MZ", "AO", "CI", "DJ", "ZM", "CD", "CG", "IQ", "LY", "TJ", "VE", "ET", "XK" ],
      "external_urls" : {
        "spotify" : "https://open.spotify.com/album/1ricDoCdrqzaqrLmz64N4G"
      },
      "href" : "https://api.spotify.com/v1/albums/1ricDoCdrqzaqrLmz64N4G",
      "id" : "1ricDoCdrqzaqrLmz64N4G",
      "images" : [ {
        "height" : 640,
        "url" : "https://i.scdn.co/image/ab67616d0000b2733b2526341d9d5e8bcb9822e4",
        "width" : 640
      }, {
        "height" : 300,
        "url" : "https://i.scdn.co/image/ab67616d00001e023b2526341d9d5e8bcb9822e4",
        "width" : 300
      }, {
        "height" : 64,
        "url" : "https://i.scdn.co/image/ab67616d000048513b2526341d9d5e8bcb9822e4",
        "width" : 64
      } ],
      "name" : "Rosa",
      "release_date" : "2018-06-08",
      "release_date_precision" : "day",
      "total_tracks" : 10,
      "type" : "album",
      "uri" : "spotify:album:1ricDoCdrqzaqrLmz64N4G"
    }, {
      "album_type" : "single",
      "artists" : [ {
        "external_urls" : {
          "spotify" : "https://open.spotify.com/artist/1eiT3ykIzTQtECRIhkAChZ"
        },
        "href" : "https://api.spotify.com/v1/artists/1eiT3ykIzTQtECRIhkAChZ",
        "id" : "1eiT3ykIzTQtECRIhkAChZ",
        "name" : "Remi Solati",
        "type" : "artist",
        "uri" : "spotify:artist:1eiT3ykIzTQtECRIhkAChZ"
      } ],
      "available_markets" : [ "AR", "AU", "AT", "BE", "BO", "BR", "BG", "CA", "CL", "CO", "CR", "CY", "CZ", "DK", "DO", "DE", "EC", "EE", "SV", "FI", "FR", "GR", "GT", "HN", "HK", "HU", "IS", "IE", "IT", "LV", "LT", "LU", "MY", "MT", "MX", "NL", "NZ", "NI", "NO", "PA", "PY", "PE", "PH", "PL", "PT", "SG", "SK", "ES", "SE", "CH", "TW", "TR", "UY", "US", "GB", "AD", "LI", "MC", "ID", "JP", "TH", "VN", "RO", "IL", "ZA", "SA", "AE", "BH", "QA", "OM", "KW", "EG", "MA", "DZ", "TN", "LB", "JO", "PS", "IN", "BY", "KZ", "MD", "UA", "AL", "BA", "HR", "ME", "MK", "RS", "SI", "KR", "BD", "PK", "LK", "GH", "KE", "NG", "TZ", "UG", "AG", "AM", "BS", "BB", "BZ", "BT", "BW", "BF", "CV", "CW", "DM", "FJ", "GM", "GE", "GD", "GW", "GY", "HT", "JM", "KI", "LS", "LR", "MW", "MV", "ML", "MH", "FM", "NA", "NR", "NE", "PW", "PG", "WS", "SM", "ST", "SN", "SC", "SL", "SB", "KN", "LC", "VC", "SR", "TL", "TO", "TT", "TV", "VU", "AZ", "BN", "BI", "KH", "CM", "TD", "KM", "GQ", "SZ", "GA", "GN", "KG", "LA", "MO", "MR", "MN", "NP", "RW", "TG", "UZ", "ZW", "BJ", "MG", "MU", "MZ", "AO", "CI", "DJ", "ZM", "CD", "CG", "IQ", "LY", "TJ", "VE", "ET", "XK" ],
      "external_urls" : {
        "spotify" : "https://open.spotify.com/album/5A9TWpl1NR1siDAJj2CZpE"
      },
      "href" : "https://api.spotify.com/v1/albums/5A9TWpl1NR1siDAJj2CZpE",
      "id" : "5A9TWpl1NR1siDAJj2CZpE",
      "images" : [ {
        "height" : 640,
        "url" : "https://i.scdn.co/image/ab67616d0000b273de8d9e8f3a74a23b62e258ad",
        "width" : 640
      }, {
        "height" : 300,
        "url" : "https://i.scdn.co/image/ab67616d00001e02de8d9e8f3a74a23b62e258ad",
        "width" : 300
      }, {
        "height" : 64,
        "url" : "https://i.scdn.co/image/ab67616d00004851de8d9e8f3a74a23b62e258ad",
        "width" : 64
      } ],
      "name" : "Rosa",
      "release_date" : "2021-02-14",
      "release_date_precision" : "day",
      "total_tracks" : 1,
      "type" : "album",
      "uri" : "spotify:album:5A9TWpl1NR1siDAJj2CZpE"
    }, {
      "album_type" : "album",
      "artists" : [ {
        "external_urls" : {
          "spotify" : "https://open.spotify.com/artist/5hvNjGBoEkn4ENKwDvtouW"
        },
        "href" : "https://api.spotify.com/v1/artists/5hvNjGBoEkn4ENKwDvtouW",
        "id" : "5hvNjGBoEkn4ENKwDvtouW",
        "name" : "Alexander King",
        "type" : "artist",
        "uri" : "spotify:artist:5hvNjGBoEkn4ENKwDvtouW"
      } ],
      "available_markets" : [ "AR", "AU", "AT", "BE", "BO", "BR", "BG", "CA", "CL", "CO", "CR", "CY", "CZ", "DK", "DO", "DE", "EC", "EE", "SV", "FI", "FR", "GR", "GT", "HN", "HK", "HU", "IS", "IE", "IT", "LV", "LT", "LU", "MY", "MT", "MX", "NL", "NZ", "NI", "NO", "PA", "PY", "PE", "PH", "PL", "PT", "SG", "SK", "ES", "SE", "CH", "TW", "TR", "UY", "US", "GB", "AD", "LI", "MC", "ID", "JP", "TH", "VN", "RO", "IL", "ZA", "SA", "AE", "BH", "QA", "OM", "KW", "EG", "MA", "DZ", "TN", "LB", "JO", "PS", "IN", "BY", "KZ", "MD", "UA", "AL", "BA", "HR", "ME", "MK", "RS", "SI", "KR", "BD", "PK", "LK", "GH", "KE", "NG", "TZ", "UG", "AG", "AM", "BS", "BB", "BZ", "BT", "BW", "BF", "CV", "CW", "DM", "FJ", "GM", "GE", "GD", "GW", "GY", "HT", "JM", "KI", "LS", "LR", "MW", "MV", "ML", "MH", "FM", "NA", "NR", "NE", "PW", "PG", "WS", "SM", "ST", "SN", "SC", "SL", "SB", "KN", "LC", "VC", "SR", "TL", "TO", "TT", "TV", "VU", "AZ", "BN", "BI", "KH", "CM", "TD", "KM", "GQ", "SZ", "GA", "GN", "KG", "LA", "MO", "MR", "MN", "NP", "RW", "TG", "UZ", "ZW", "BJ", "MG", "MU", "MZ", "AO", "CI", "DJ", "ZM", "CD", "CG", "IQ", "LY", "TJ", "VE", "ET", "XK" ],
      "external_urls" : {
        "spotify" : "https://open.spotify.com/album/02UEIpucuJMIqjifFgCh8c"
      },
      "href" : "https://api.spotify.com/v1/albums/02UEIpucuJMIqjifFgCh8c",
      "id" : "02UEIpucuJMIqjifFgCh8c",
      "images" : [ {
        "height" : 640,
        "url" : "https://i.scdn.co/image/ab67616d0000b273d25d417b8303163a240768b7",
        "width" : 640
      }, {
        "height" : 300,
        "url" : "https://i.scdn.co/image/ab67616d00001e02d25d417b8303163a240768b7",
        "width" : 300
      }, {
        "height" : 64,
        "url" : "https://i.scdn.co/image/ab67616d00004851d25d417b8303163a240768b7",
        "width" : 64
      } ],
      "name" : "Rosap",
      "release_date" : "2018-01-26",
      "release_date_precision" : "day",
      "total_tracks" : 7,
      "type" : "album",
      "uri" : "spotify:album:02UEIpucuJMIqjifFgCh8c"
    }, {
      "album_type" : "single",
      "artists" : [ {
        "external_urls" : {
          "spotify" : "https://open.spotify.com/artist/5fahUm8t5c0GIdeTq0ZaG8"
        },
        "href" : "https://api.spotify.com/v1/artists/5fahUm8t5c0GIdeTq0ZaG8",
        "id" : "5fahUm8t5c0GIdeTq0ZaG8",
        "name" : "Otto Knows",
        "type" : "artist",
        "uri" : "spotify:artist:5fahUm8t5c0GIdeTq0ZaG8"
      } ],
      "available_markets" : [ "AR", "AU", "AT", "BE", "BO", "BR", "BG", "CA", "CL", "CO", "CR", "CY", "CZ", "DK", "DO", "DE", "EC", "EE", "SV", "FI", "FR", "GR", "GT", "HN", "HK", "HU", "IS", "IE", "IT", "LV", "LT", "LU", "MY", "MT", "MX", "NL", "NZ", "NI", "NO", "PA", "PY", "PE", "PH", "PL", "PT", "SG", "SK", "ES", "SE", "CH", "TW", "TR", "UY", "US", "GB", "AD", "LI", "MC", "ID", "JP", "TH", "VN", "RO", "IL", "ZA", "SA", "AE", "BH", "QA", "OM", "KW", "EG", "MA", "DZ", "TN", "LB", "JO", "PS", "IN", "KZ", "MD", "UA", "AL", "BA", "HR", "ME", "MK", "RS", "SI", "KR", "BD", "PK", "LK", "GH", "KE", "NG", "TZ", "UG", "AG", "AM", "BS", "BB", "BZ", "BT", "BW", "BF", "CV", "CW", "DM", "FJ", "GM", "GE", "GD", "GW", "GY", "HT", "JM", "KI", "LS", "LR", "MW", "MV", "ML", "MH", "FM", "NA", "NR", "NE", "PW", "PG", "WS", "SM", "ST", "SN", "SC", "SL", "SB", "KN", "LC", "VC", "SR", "TL", "TO", "TT", "TV", "VU", "AZ", "BN", "BI", "KH", "CM", "TD", "KM", "GQ", "SZ", "GA", "GN", "KG", "LA", "MO", "MR", "MN", "NP", "RW", "TG", "UZ", "ZW", "BJ", "MG", "MU", "MZ", "AO", "CI", "DJ", "ZM", "CD", "CG", "IQ", "LY", "TJ", "VE", "ET", "XK" ],
      "external_urls" : {
        "spotify" : "https://open.spotify.com/album/01f7LtCEJXug2iAI1wkmTf"
      },
      "href" : "https://api.spotify.com/v1/albums/01f7LtCEJXug2iAI1wkmTf",
      "id" : "01f7LtCEJXug2iAI1wkmTf",
      "images" : [ {
        "height" : 640,
        "url" : "https://i.scdn.co/image/ab67616d0000b273c9b6e09185ec54fbbb43ee04",
        "width" : 640
      }, {
        "height" : 300,
        "url" : "https://i.scdn.co/image/ab67616d00001e02c9b6e09185ec54fbbb43ee04",
        "width" : 300
      }, {
        "height" : 64,
        "url" : "https://i.scdn.co/image/ab67616d00004851c9b6e09185ec54fbbb43ee04",
        "width" : 64
      } ],
      "name" : "Rosa",
      "release_date" : "2023-03-17",
      "release_date_precision" : "day",
      "total_tracks" : 1,
      "type" : "album",
      "uri" : "spotify:album:01f7LtCEJXug2iAI1wkmTf"
    }, {
      "album_type" : "album",
      "artists" : [ {
        "external_urls" : {
          "spotify" : "https://open.spotify.com/artist/6zvul52xwTWzilBZl6BUbT"
        },
        "href" : "https://api.spotify.com/v1/artists/6zvul52xwTWzilBZl6BUbT",
        "id" : "6zvul52xwTWzilBZl6BUbT",
        "name" : "Pixies",
        "type" : "artist",
        "uri" : "spotify:artist:6zvul52xwTWzilBZl6BUbT"
      } ],
      "available_markets" : [ "AR", "AU", "AT", "BE", "BO", "BR", "BG", "CA", "CL", "CO", "CR", "CY", "CZ", "DK", "DO", "DE", "EC", "EE", "SV", "FI", "FR", "GR", "GT", "HN", "HK", "HU", "IS", "IE", "IT", "LV", "LT", "LU", "MY", "MT", "MX", "NL", "NZ", "NI", "NO", "PA", "PY", "PE", "PH", "PL", "PT", "SG", "SK", "ES", "SE", "CH", "TW", "TR", "UY", "US", "GB", "AD", "LI", "MC", "ID", "JP", "TH", "VN", "RO", "IL", "ZA", "SA", "AE", "BH", "QA", "OM", "KW", "EG", "MA", "DZ", "TN", "LB", "JO", "PS", "IN", "BY", "KZ", "MD", "UA", "AL", "BA", "HR", "ME", "MK", "RS", "SI", "KR", "BD", "PK", "LK", "GH", "KE", "NG", "TZ", "UG", "AG", "AM", "BS", "BB", "BZ", "BT", "BW", "BF", "CV", "CW", "DM", "FJ", "GM", "GE", "GD", "GW", "GY", "HT", "JM", "KI", "LS", "LR", "MW", "MV", "ML", "MH", "FM", "NA", "NR", "NE", "PW", "PG", "WS", "SM", "ST", "SN", "SC", "SL", "SB", "KN", "LC", "VC", "SR", "TL", "TO", "TT", "TV", "VU", "AZ", "BN", "BI", "KH", "CM", "TD", "KM", "GQ", "SZ", "GA", "GN", "KG", "LA", "MO", "MR", "MN", "NP", "RW", "TG", "UZ", "ZW", "BJ", "MG", "MU", "MZ", "AO", "CI", "DJ", "ZM", "CD", "CG", "IQ", "LY", "TJ", "VE", "ET", "XK" ],
      "external_urls" : {
        "spotify" : "https://open.spotify.com/album/50j4Wm1b9hLpSpPIA39Vp9"
      },
      "href" : "https://api.spotify.com/v1/albums/50j4Wm1b9hLpSpPIA39Vp9",
      "id" : "50j4Wm1b9hLpSpPIA39Vp9",
      "images" : [ {
        "height" : 640,
        "url" : "https://i.scdn.co/image/ab67616d0000b273626ad9bb7d5f84c59652b161",
        "width" : 640
      }, {
        "height" : 300,
        "url" : "https://i.scdn.co/image/ab67616d00001e02626ad9bb7d5f84c59652b161",
        "width" : 300
      }, {
        "height" : 64,
        "url" : "https://i.scdn.co/image/ab67616d00004851626ad9bb7d5f84c59652b161",
        "width" : 64
      } ],
      "name" : "Surfer Rosa",
      "release_date" : "1988-03-21",
      "release_date_precision" : "day",
      "total_tracks" : 13,
      "type" : "album",
      "uri" : "spotify:album:50j4Wm1b9hLpSpPIA39Vp9"
    }, {
      "album_type" : "single",
      "artists" : [ {
        "external_urls" : {
          "spotify" : "https://open.spotify.com/artist/7kh6kV95YvmhBPmbi2tIRU"
        },
        "href" : "https://api.spotify.com/v1/artists/7kh6kV95YvmhBPmbi2tIRU",
        "id" : "7kh6kV95YvmhBPmbi2tIRU",
        "name" : "Barracuda Sound",
        "type" : "artist",
        "uri" : "spotify:artist:7kh6kV95YvmhBPmbi2tIRU"
      } ],
      "available_markets" : [ "AR", "AU", "AT", "BE", "BO", "BR", "BG", "CA", "CL", "CO", "CR", "CY", "CZ", "DK", "DO", "DE", "EC", "EE", "SV", "FI", "FR", "GR", "GT", "HN", "HK", "HU", "IS", "IE", "IT", "LV", "LT", "LU", "MY", "MT", "MX", "NL", "NZ", "NI", "NO", "PA", "PY", "PE", "PH", "PL", "PT", "SG", "SK", "ES", "SE", "CH", "TW", "TR", "UY", "US", "GB", "AD", "LI", "MC", "ID", "JP", "TH", "VN", "RO", "IL", "ZA", "SA", "AE", "BH", "QA", "OM", "KW", "EG", "MA", "DZ", "TN", "LB", "JO", "PS", "IN", "BY", "KZ", "MD", "UA", "AL", "BA", "HR", "ME", "MK", "RS", "SI", "KR", "BD", "PK", "LK", "GH", "KE", "NG", "TZ", "UG", "AG", "AM", "BS", "BB", "BZ", "BT", "BW", "BF", "CV", "CW", "DM", "FJ", "GM", "GE", "GD", "GW", "GY", "HT", "JM", "KI", "LS", "LR", "MW", "MV", "ML", "MH", "FM", "NA", "NR", "NE", "PW", "PG", "WS", "SM", "ST", "SN", "SC", "SL", "SB", "KN", "LC", "VC", "SR", "TL", "TO", "TT", "TV", "VU", "AZ", "BN", "BI", "KH", "CM", "TD", "KM", "GQ", "SZ", "GA", "GN", "KG", "LA", "MO", "MR", "MN", "NP", "RW", "TG", "UZ", "ZW", "BJ", "MG", "MU", "MZ", "AO", "CI", "DJ", "ZM", "CD", "CG", "IQ", "LY", "TJ", "VE", "ET", "XK" ],
      "external_urls" : {
        "spotify" : "https://open.spotify.com/album/3zIUzIBn8Qt6gRy5jQDu4C"
      },
      "href" : "https://api.spotify.com/v1/albums/3zIUzIBn8Qt6gRy5jQDu4C",
      "id" : "3zIUzIBn8Qt6gRy5jQDu4C",
      "images" : [ {
        "height" : 640,
        "url" : "https://i.scdn.co/image/ab67616d0000b2734f647e18b55d991433aa6fed",
        "width" : 640
      }, {
        "height" : 300,
        "url" : "https://i.scdn.co/image/ab67616d00001e024f647e18b55d991433aa6fed",
        "width" : 300
      }, {
        "height" : 64,
        "url" : "https://i.scdn.co/image/ab67616d000048514f647e18b55d991433aa6fed",
        "width" : 64
      } ],
      "name" : "Rosa",
      "release_date" : "2021-03-12",
      "release_date_precision" : "day",
      "total_tracks" : 1,
      "type" : "album",
      "uri" : "spotify:album:3zIUzIBn8Qt6gRy5jQDu4C"
    }, {
      "album_type" : "single",
      "artists" : [ {
        "external_urls" : {
          "spotify" : "https://open.spotify.com/artist/7ltDVBr6mKbRvohxheJ9h1"
        },
        "href" : "https://api.spotify.com/v1/artists/7ltDVBr6mKbRvohxheJ9h1",
        "id" : "7ltDVBr6mKbRvohxheJ9h1",
        "name" : "ROSALÍA",
        "type" : "artist",
        "uri" : "spotify:artist:7ltDVBr6mKbRvohxheJ9h1"
      } ],
      "available_markets" : [ "AR", "AU", "AT", "BE", "BO", "BR", "BG", "CA", "CL", "CO", "CR", "CY", "CZ", "DK", "DO", "DE", "EC", "EE", "SV", "FI", "FR", "GR", "GT", "HN", "HK", "HU", "IS", "IE", "IT", "LV", "LT", "LU", "MY", "MT", "MX", "NL", "NZ", "NI", "NO", "PA", "PY", "PE", "PH", "PL", "PT", "SG", "SK", "ES", "SE", "CH", "TW", "TR", "UY", "US", "GB", "AD", "LI", "MC", "ID", "JP", "TH", "VN", "RO", "IL", "ZA", "SA", "AE", "BH", "QA", "OM", "KW", "EG", "MA", "DZ", "TN", "LB", "JO", "PS", "IN", "BY", "KZ", "MD", "UA", "AL", "BA", "HR", "ME", "MK", "RS", "SI", "KR", "BD", "PK", "LK", "GH", "KE", "NG", "TZ", "UG", "AG", "AM", "BS", "BB", "BZ", "BT", "BW", "BF", "CV", "CW", "DM", "FJ", "GM", "GE", "GD", "GW", "GY", "HT", "JM", "KI", "LS", "LR", "MW", "MV", "ML", "MH", "FM", "NA", "NR", "NE", "PW", "PG", "WS", "SM", "ST", "SN", "SC", "SL", "SB", "KN", "LC", "VC", "SR", "TL", "TO", "TT", "TV", "VU", "AZ", "BN", "BI", "KH", "CM", "TD", "KM", "GQ", "SZ", "GA", "GN", "KG", "LA", "MO", "MR", "MN", "NP", "RW", "TG", "UZ", "ZW", "BJ", "MG", "MU", "MZ", "AO", "CI", "DJ", "ZM", "CD", "CG", "IQ", "LY", "TJ", "VE", "ET", "XK" ],
      "external_urls" : {
        "spotify" : "https://open.spotify.com/album/5omNd3Mkij9C3ZeW19rRmv"
      },
      "href" : "https://api.spotify.com/v1/albums/5omNd3Mkij9C3ZeW19rRmv",
      "id" : "5omNd3Mkij9C3ZeW19rRmv",
      "images" : [ {
        "height" : 640,
        "url" : "https://i.scdn.co/image/ab67616d0000b2738f072024e0358fc5c62eba41",
        "width" : 640
      }, {
        "height" : 300,
        "url" : "https://i.scdn.co/image/ab67616d00001e028f072024e0358fc5c62eba41",
        "width" : 300
      }, {
        "height" : 64,
        "url" : "https://i.scdn.co/image/ab67616d000048518f072024e0358fc5c62eba41",
        "width" : 64
      } ],
      "name" : "DESPECHÁ",
      "release_date" : "2022-07-28",
      "release_date_precision" : "day",
      "total_tracks" : 1,
      "type" : "album",
      "uri" : "spotify:album:5omNd3Mkij9C3ZeW19rRmv"
    } ],
    "limit" : 20,
    "next" : "https://api.spotify.com/v1/search?query=rosa&type=album&offset=20&limit=20",
    "offset" : 0,
    "previous" : null,
    "total" : 260
  }
}